ProductID,Name,ProductNumber,Color,StandardCost,ListPrice,Sze,Weight,ProductCategoryID,ProductModelID,SellStartDate,SellEndDate,DiscontinuedDate,ThumbnailPhotoFileName
680,"HL Road Frame - Black, 58",FR-R92B-58,Black,1059.31,1431.5,58,1016.04,18,6,"Mon, 01 Jun 1998 00:00:00 GMT",NULL,NULL,NULL
706,"HL Road Frame - Red, 58",FR-R92R-58,Red,1059.31,1431.5,58,1016.04,18,6,"Mon, 01 Jun 1998 00:00:00 GMT",NULL,NULL,NULL
707,"Sport-100 Helmet, Red",HL-U509-R,Red,13.09,34.99,NULL,NULL,35,33,"Sun, 01 Jul 2001 00:00:00 GMT",NULL,NULL,NULL
708,"Sport-100 Helmet, Black",HL-U509,Black,13.09,34.99,NULL,NULL,35,33,"Sun, 01 Jul 2001 00:00:00 GMT",NULL,NULL,NULL
709,"Mountain Bike Socks, M",SO-B909-M,White,3.4,9.5,M,NULL,27,18,"Sun, 01 Jul 2001 00:00:00 GMT","Sun, 30 Jun 2002 00:00:00 GMT",NULL,NULL
710,"Mountain Bike Socks, L",SO-B909-L,White,3.4,9.5,L,NULL,27,18,"Sun, 01 Jul 2001 00:00:00 GMT","Sun, 30 Jun 2002 00:00:00 GMT",NULL,NULL
711,"Sport-100 Helmet, Blue",HL-U509-B,Blue,13.09,34.99,NULL,NULL,35,33,"Sun, 01 Jul 2001 00:00:00 GMT",NULL,NULL,NULL
712,"AWC Logo Cap",CA-1098,Multi,6.92,8.99,NULL,NULL,23,2,"Sun, 01 Jul 2001 00:00:00 GMT",NULL,NULL,NULL
713,"Long-Sleeve Logo Jersey, S",LJ-0192-S,Multi,38.49,49.99,S,NULL,25,11,"Sun, 01 Jul 2001 00:00:00 GMT",NULL,NULL,NULL
714,"Long-Sleeve Logo Jersey, M",LJ-0192-M,Multi,38.49,49.99,M,NULL,25,11,"Sun, 01 Jul 2001 00:00:00 GMT",NULL,NULL,NULL
715,"Long-Sleeve Logo Jersey, L",LJ-0192-L,Multi,38.49,49.99,L,NULL,25,11,"Sun, 01 Jul 2001 00:00:00 GMT",NULL,NULL,NULL
716,"Long-Sleeve Logo Jersey, XL",LJ-0192-X,Multi,38.49,49.99,XL,NULL,25,11,"Sun, 01 Jul 2001 00:00:00 GMT",NULL,NULL,NULL
717,"HL Road Frame - Red, 62",FR-R92R-62,Red,868.63,1431.5,62,1043.26,18,6,"Sun, 01 Jul 2001 00:00:00 GMT",NULL,NULL,NULL
718,"HL Road Frame - Red, 44",FR-R92R-44,Red,868.63,1431.5,44,961.61,18,6,"Sun, 01 Jul 2001 00:00:00 GMT",NULL,NULL,NULL
719,"HL Road Frame - Red, 48",FR-R92R-48,Red,868.63,1431.5,48,979.75,18,6,"Sun, 01 Jul 2001 00:00:00 GMT",NULL,NULL,NULL
720,"HL Road Frame - Red, 52",FR-R92R-52,Red,868.63,1431.5,52,997.9,18,6,"Sun, 01 Jul 2001 00:00:00 GMT",NULL,NULL,NULL
721,"HL Road Frame - Red, 56",FR-R92R-56,Red,868.63,1431.5,56,1016.04,18,6,"Sun, 01 Jul 2001 00:00:00 GMT",NULL,NULL,NULL
722,"LL Road Frame - Black, 58",FR-R38B-58,Black,204.63,337.22,58,1115.83,18,9,"Sun, 01 Jul 2001 00:00:00 GMT",NULL,NULL,NULL
723,"LL Road Frame - Black, 60",FR-R38B-60,Black,204.63,337.22,60,1124.9,18,9,"Sun, 01 Jul 2001 00:00:00 GMT",NULL,NULL,NULL
724,"LL Road Frame - Black, 62",FR-R38B-62,Black,204.63,337.22,62,1133.98,18,9,"Sun, 01 Jul 2001 00:00:00 GMT",NULL,NULL,NULL
725,"LL Road Frame - Red, 44",FR-R38R-44,Red,187.16,337.22,44,1052.33,18,9,"Sun, 01 Jul 2001 00:00:00 GMT","Mon, 30 Jun 2003 00:00:00 GMT",NULL,NULL
726,"LL Road Frame - Red, 48",FR-R38R-48,Red,187.16,337.22,48,1070.47,18,9,"Sun, 01 Jul 2001 00:00:00 GMT","Mon, 30 Jun 2003 00:00:00 GMT",NULL,NULL
727,"LL Road Frame - Red, 52",FR-R38R-52,Red,187.16,337.22,52,1088.62,18,9,"Sun, 01 Jul 2001 00:00:00 GMT","Mon, 30 Jun 2003 00:00:00 GMT",NULL,NULL
728,"LL Road Frame - Red, 58",FR-R38R-58,Red,187.16,337.22,58,1115.83,18,9,"Sun, 01 Jul 2001 00:00:00 GMT","Mon, 30 Jun 2003 00:00:00 GMT",NULL,NULL
729,"LL Road Frame - Red, 60",FR-R38R-60,Red,187.16,337.22,60,1124.9,18,9,"Sun, 01 Jul 2001 00:00:00 GMT","Mon, 30 Jun 2003 00:00:00 GMT",NULL,NULL
730,"LL Road Frame - Red, 62",FR-R38R-62,Red,187.16,337.22,62,1133.98,18,9,"Sun, 01 Jul 2001 00:00:00 GMT","Mon, 30 Jun 2003 00:00:00 GMT",NULL,NULL
731,"ML Road Frame - Red, 44",FR-R72R-44,Red,352.14,594.83,44,1006.97,18,16,"Sun, 01 Jul 2001 00:00:00 GMT","Sun, 30 Jun 2002 00:00:00 GMT",NULL,NULL
732,"ML Road Frame - Red, 48",FR-R72R-48,Red,352.14,594.83,48,1025.11,18,16,"Sun, 01 Jul 2001 00:00:00 GMT","Sun, 30 Jun 2002 00:00:00 GMT",NULL,NULL
733,"ML Road Frame - Red, 52",FR-R72R-52,Red,352.14,594.83,52,1043.26,18,16,"Sun, 01 Jul 2001 00:00:00 GMT","Sun, 30 Jun 2002 00:00:00 GMT",NULL,NULL
734,"ML Road Frame - Red, 58",FR-R72R-58,Red,352.14,594.83,58,1070.47,18,16,"Sun, 01 Jul 2001 00:00:00 GMT","Sun, 30 Jun 2002 00:00:00 GMT",NULL,NULL
735,"ML Road Frame - Red, 60",FR-R72R-60,Red,352.14,594.83,60,1079.54,18,16,"Sun, 01 Jul 2001 00:00:00 GMT","Sun, 30 Jun 2002 00:00:00 GMT",NULL,NULL
736,"LL Road Frame - Black, 44",FR-R38B-44,Black,204.63,337.22,44,1052.33,18,9,"Sun, 01 Jul 2001 00:00:00 GMT",NULL,NULL,NULL
737,"LL Road Frame - Black, 48",FR-R38B-48,Black,204.63,337.22,48,1070.47,18,9,"Sun, 01 Jul 2001 00:00:00 GMT",NULL,NULL,NULL
738,"LL Road Frame - Black, 52",FR-R38B-52,Black,204.63,337.22,52,1088.62,18,9,"Sun, 01 Jul 2001 00:00:00 GMT",NULL,NULL,NULL
739,"HL Mountain Frame - Silver, 42",FR-M94S-42,Silver,747.2,1364.5,42,1233.76,16,5,"Sun, 01 Jul 2001 00:00:00 GMT",NULL,NULL,NULL
740,"HL Mountain Frame - Silver, 44",FR-M94S-44,Silver,706.81,1364.5,44,1251.91,16,5,"Sun, 01 Jul 2001 00:00:00 GMT","Sun, 30 Jun 2002 00:00:00 GMT",NULL,NULL
741,"HL Mountain Frame - Silver, 48",FR-M94S-52,Silver,706.81,1364.5,48,1270.05,16,5,"Sun, 01 Jul 2001 00:00:00 GMT","Sun, 30 Jun 2002 00:00:00 GMT",NULL,NULL
742,"HL Mountain Frame - Silver, 46",FR-M94S-46,Silver,747.2,1364.5,46,1288.2,16,5,"Sun, 01 Jul 2001 00:00:00 GMT",NULL,NULL,NULL
743,"HL Mountain Frame - Black, 42",FR-M94B-42,Black,739.04,1349.6,42,1233.76,16,5,"Sun, 01 Jul 2001 00:00:00 GMT",NULL,NULL,NULL
744,"HL Mountain Frame - Black, 44",FR-M94B-44,Black,699.09,1349.6,44,1251.91,16,5,"Sun, 01 Jul 2001 00:00:00 GMT","Sun, 30 Jun 2002 00:00:00 GMT",NULL,NULL
745,"HL Mountain Frame - Black, 48",FR-M94B-48,Black,699.09,1349.6,48,1270.05,16,5,"Sun, 01 Jul 2001 00:00:00 GMT","Sun, 30 Jun 2002 00:00:00 GMT",NULL,NULL
746,"HL Mountain Frame - Black, 46",FR-M94B-46,Black,739.04,1349.6,46,1288.2,16,5,"Sun, 01 Jul 2001 00:00:00 GMT",NULL,NULL,NULL
747,"HL Mountain Frame - Black, 38",FR-M94B-38,Black,739.04,1349.6,38,1215.62,16,5,"Sun, 01 Jul 2001 00:00:00 GMT",NULL,NULL,NULL
748,"HL Mountain Frame - Silver, 38",FR-M94S-38,Silver,747.2,1364.5,38,1215.62,16,5,"Sun, 01 Jul 2001 00:00:00 GMT",NULL,NULL,NULL
749,"Road-150 Red, 62",BK-R93R-62,Red,2171.29,3578.27,62,6803.85,6,25,"Sun, 01 Jul 2001 00:00:00 GMT","Sun, 30 Jun 2002 00:00:00 GMT",NULL,NULL
750,"Road-150 Red, 44",BK-R93R-44,Red,2171.29,3578.27,44,6245.93,6,25,"Sun, 01 Jul 2001 00:00:00 GMT","Sun, 30 Jun 2002 00:00:00 GMT",NULL,NULL
751,"Road-150 Red, 48",BK-R93R-48,Red,2171.29,3578.27,48,6409.23,6,25,"Sun, 01 Jul 2001 00:00:00 GMT","Sun, 30 Jun 2002 00:00:00 GMT",NULL,NULL
752,"Road-150 Red, 52",BK-R93R-52,Red,2171.29,3578.27,52,6540.77,6,25,"Sun, 01 Jul 2001 00:00:00 GMT","Sun, 30 Jun 2002 00:00:00 GMT",NULL,NULL
753,"Road-150 Red, 56",BK-R93R-56,Red,2171.29,3578.27,56,6658.7,6,25,"Sun, 01 Jul 2001 00:00:00 GMT","Sun, 30 Jun 2002 00:00:00 GMT",NULL,NULL
754,"Road-450 Red, 58",BK-R68R-58,Red,884.71,1457.99,58,8069.37,6,28,"Sun, 01 Jul 2001 00:00:00 GMT","Sun, 30 Jun 2002 00:00:00 GMT",NULL,NULL
755,"Road-450 Red, 60",BK-R68R-60,Red,884.71,1457.99,60,8119.26,6,28,"Sun, 01 Jul 2001 00:00:00 GMT","Sun, 30 Jun 2002 00:00:00 GMT",NULL,NULL
756,"Road-450 Red, 44",BK-R68R-44,Red,884.71,1457.99,44,7606.7,6,28,"Sun, 01 Jul 2001 00:00:00 GMT","Sun, 30 Jun 2002 00:00:00 GMT",NULL,NULL
757,"Road-450 Red, 48",BK-R68R-48,Red,884.71,1457.99,48,7770,6,28,"Sun, 01 Jul 2001 00:00:00 GMT","Sun, 30 Jun 2002 00:00:00 GMT",NULL,NULL
758,"Road-450 Red, 52",BK-R68R-52,Red,884.71,1457.99,52,7901.54,6,28,"Sun, 01 Jul 2001 00:00:00 GMT","Sun, 30 Jun 2002 00:00:00 GMT",NULL,NULL
759,"Road-650 Red, 58",BK-R50R-58,Red,486.71,782.99,58,8976.55,6,30,"Sun, 01 Jul 2001 00:00:00 GMT","Mon, 30 Jun 2003 00:00:00 GMT",NULL,NULL
760,"Road-650 Red, 60",BK-R50R-60,Red,486.71,782.99,60,9026.44,6,30,"Sun, 01 Jul 2001 00:00:00 GMT","Mon, 30 Jun 2003 00:00:00 GMT",NULL,NULL
761,"Road-650 Red, 62",BK-R50R-62,Red,486.71,782.99,62,9071.8,6,30,"Sun, 01 Jul 2001 00:00:00 GMT","Mon, 30 Jun 2003 00:00:00 GMT",NULL,NULL
762,"Road-650 Red, 44",BK-R50R-44,Red,486.71,782.99,44,8513.88,6,30,"Sun, 01 Jul 2001 00:00:00 GMT","Mon, 30 Jun 2003 00:00:00 GMT",NULL,NULL
763,"Road-650 Red, 48",BK-R50R-48,Red,486.71,782.99,48,8677.18,6,30,"Sun, 01 Jul 2001 00:00:00 GMT","Mon, 30 Jun 2003 00:00:00 GMT",NULL,NULL
764,"Road-650 Red, 52",BK-R50R-52,Red,486.71,782.99,52,8808.72,6,30,"Sun, 01 Jul 2001 00:00:00 GMT","Mon, 30 Jun 2003 00:00:00 GMT",NULL,NULL
765,"Road-650 Black, 58",BK-R50B-58,Black,486.71,782.99,58,8976.55,6,30,"Sun, 01 Jul 2001 00:00:00 GMT","Mon, 30 Jun 2003 00:00:00 GMT",NULL,NULL
766,"Road-650 Black, 60",BK-R50B-60,Black,486.71,782.99,60,9026.44,6,30,"Sun, 01 Jul 2001 00:00:00 GMT","Mon, 30 Jun 2003 00:00:00 GMT",NULL,NULL
767,"Road-650 Black, 62",BK-R50B-62,Black,486.71,782.99,62,9071.8,6,30,"Sun, 01 Jul 2001 00:00:00 GMT","Mon, 30 Jun 2003 00:00:00 GMT",NULL,NULL
768,"Road-650 Black, 44",BK-R50B-44,Black,486.71,782.99,44,8513.88,6,30,"Sun, 01 Jul 2001 00:00:00 GMT","Mon, 30 Jun 2003 00:00:00 GMT",NULL,NULL
769,"Road-650 Black, 48",BK-R50B-48,Black,486.71,782.99,48,8677.18,6,30,"Sun, 01 Jul 2001 00:00:00 GMT","Mon, 30 Jun 2003 00:00:00 GMT",NULL,NULL
770,"Road-650 Black, 52",BK-R50B-52,Black,486.71,782.99,52,8808.72,6,30,"Sun, 01 Jul 2001 00:00:00 GMT","Mon, 30 Jun 2003 00:00:00 GMT",NULL,NULL
771,"Mountain-100 Silver, 38",BK-M82S-38,Silver,1912.15,3399.99,38,9230.56,5,19,"Sun, 01 Jul 2001 00:00:00 GMT","Sun, 30 Jun 2002 00:00:00 GMT",NULL,NULL
772,"Mountain-100 Silver, 42",BK-M82S-42,Silver,1912.15,3399.99,42,9421.06,5,19,"Sun, 01 Jul 2001 00:00:00 GMT","Sun, 30 Jun 2002 00:00:00 GMT",NULL,NULL
773,"Mountain-100 Silver, 44",BK-M82S-44,Silver,1912.15,3399.99,44,9584.36,5,19,"Sun, 01 Jul 2001 00:00:00 GMT","Sun, 30 Jun 2002 00:00:00 GMT",NULL,NULL
774,"Mountain-100 Silver, 48",BK-M82S-48,Silver,1912.15,3399.99,48,9715.9,5,19,"Sun, 01 Jul 2001 00:00:00 GMT","Sun, 30 Jun 2002 00:00:00 GMT",NULL,NULL
775,"Mountain-100 Black, 38",BK-M82B-38,Black,1898.09,3374.99,38,9230.56,5,19,"Sun, 01 Jul 2001 00:00:00 GMT","Sun, 30 Jun 2002 00:00:00 GMT",NULL,NULL
776,"Mountain-100 Black, 42",BK-M82B-42,Black,1898.09,3374.99,42,9421.06,5,19,"Sun, 01 Jul 2001 00:00:00 GMT","Sun, 30 Jun 2002 00:00:00 GMT",NULL,NULL
777,"Mountain-100 Black, 44",BK-M82B-44,Black,1898.09,3374.99,44,9584.36,5,19,"Sun, 01 Jul 2001 00:00:00 GMT","Sun, 30 Jun 2002 00:00:00 GMT",NULL,NULL
778,"Mountain-100 Black, 48",BK-M82B-48,Black,1898.09,3374.99,48,9715.9,5,19,"Sun, 01 Jul 2001 00:00:00 GMT","Sun, 30 Jun 2002 00:00:00 GMT",NULL,NULL
779,"Mountain-200 Silver, 38",BK-M68S-38,Silver,1265.62,2319.99,38,10591.33,5,20,"Mon, 01 Jul 2002 00:00:00 GMT",NULL,NULL,NULL
780,"Mountain-200 Silver, 42",BK-M68S-42,Silver,1265.62,2319.99,42,10781.83,5,20,"Mon, 01 Jul 2002 00:00:00 GMT",NULL,NULL,NULL
781,"Mountain-200 Silver, 46",BK-M68S-46,Silver,1265.62,2319.99,46,10945.13,5,20,"Mon, 01 Jul 2002 00:00:00 GMT",NULL,NULL,NULL
782,"Mountain-200 Black, 38",BK-M68B-38,Black,1251.98,2294.99,38,10591.33,5,20,"Mon, 01 Jul 2002 00:00:00 GMT",NULL,NULL,NULL
783,"Mountain-200 Black, 42",BK-M68B-42,Black,1251.98,2294.99,42,10781.83,5,20,"Mon, 01 Jul 2002 00:00:00 GMT",NULL,NULL,NULL
784,"Mountain-200 Black, 46",BK-M68B-46,Black,1251.98,2294.99,46,10945.13,5,20,"Mon, 01 Jul 2002 00:00:00 GMT",NULL,NULL,NULL
785,"Mountain-300 Black, 38",BK-M47B-38,Black,598.44,1079.99,38,11498.51,5,21,"Mon, 01 Jul 2002 00:00:00 GMT","Mon, 30 Jun 2003 00:00:00 GMT",NULL,NULL
786,"Mountain-300 Black, 40",BK-M47B-40,Black,598.44,1079.99,40,11689.01,5,21,"Mon, 01 Jul 2002 00:00:00 GMT","Mon, 30 Jun 2003 00:00:00 GMT",NULL,NULL
787,"Mountain-300 Black, 44",BK-M47B-44,Black,598.44,1079.99,44,11852.31,5,21,"Mon, 01 Jul 2002 00:00:00 GMT","Mon, 30 Jun 2003 00:00:00 GMT",NULL,NULL
788,"Mountain-300 Black, 48",BK-M47B-48,Black,598.44,1079.99,48,11983.85,5,21,"Mon, 01 Jul 2002 00:00:00 GMT","Mon, 30 Jun 2003 00:00:00 GMT",NULL,NULL
789,"Road-250 Red, 44",BK-R89R-44,Red,1518.79,2443.35,44,6699.52,6,26,"Mon, 01 Jul 2002 00:00:00 GMT","Mon, 30 Jun 2003 00:00:00 GMT",NULL,NULL
790,"Road-250 Red, 48",BK-R89R-48,Red,1518.79,2443.35,48,6862.82,6,26,"Mon, 01 Jul 2002 00:00:00 GMT","Mon, 30 Jun 2003 00:00:00 GMT",NULL,NULL
791,"Road-250 Red, 52",BK-R89R-52,Red,1518.79,2443.35,52,6994.36,6,26,"Mon, 01 Jul 2002 00:00:00 GMT","Mon, 30 Jun 2003 00:00:00 GMT",NULL,NULL
792,"Road-250 Red, 58",BK-R89R-58,Red,1554.95,2443.35,58,7162.19,6,26,"Mon, 01 Jul 2002 00:00:00 GMT",NULL,NULL,NULL
793,"Road-250 Black, 44",BK-R89B-44,Black,1554.95,2443.35,44,6699.52,6,26,"Mon, 01 Jul 2002 00:00:00 GMT",NULL,NULL,NULL
794,"Road-250 Black, 48",BK-R89B-48,Black,1554.95,2443.35,48,6862.82,6,26,"Mon, 01 Jul 2002 00:00:00 GMT",NULL,NULL,NULL
795,"Road-250 Black, 52",BK-R89B-52,Black,1554.95,2443.35,52,6994.36,6,26,"Mon, 01 Jul 2002 00:00:00 GMT",NULL,NULL,NULL
796,"Road-250 Black, 58",BK-R89B-58,Black,1554.95,2443.35,58,7112.29,6,26,"Mon, 01 Jul 2002 00:00:00 GMT",NULL,NULL,NULL
797,"Road-550-W Yellow, 38",BK-R64Y-38,Yellow,713.08,1120.49,38,7869.79,6,29,"Mon, 01 Jul 2002 00:00:00 GMT",NULL,NULL,NULL
798,"Road-550-W Yellow, 40",BK-R64Y-40,Yellow,713.08,1120.49,40,8060.29,6,29,"Mon, 01 Jul 2002 00:00:00 GMT",NULL,NULL,NULL
799,"Road-550-W Yellow, 42",BK-R64Y-42,Yellow,713.08,1120.49,42,8223.59,6,29,"Mon, 01 Jul 2002 00:00:00 GMT",NULL,NULL,NULL
800,"Road-550-W Yellow, 44",BK-R64Y-44,Yellow,713.08,1120.49,44,8355.13,6,29,"Mon, 01 Jul 2002 00:00:00 GMT",NULL,NULL,NULL
801,"Road-550-W Yellow, 48",BK-R64Y-48,Yellow,713.08,1120.49,48,8473.06,6,29,"Mon, 01 Jul 2002 00:00:00 GMT",NULL,NULL,NULL
802,"LL Fork",FK-1639,NULL,65.81,148.22,NULL,NULL,14,104,"Mon, 01 Jul 2002 00:00:00 GMT","Mon, 30 Jun 2003 00:00:00 GMT",NULL,NULL
803,"ML Fork",FK-5136,NULL,77.92,175.49,NULL,NULL,14,105,"Mon, 01 Jul 2002 00:00:00 GMT","Mon, 30 Jun 2003 00:00:00 GMT",NULL,NULL
804,"HL Fork",FK-9939,NULL,101.89,229.49,NULL,NULL,14,106,"Mon, 01 Jul 2002 00:00:00 GMT","Mon, 30 Jun 2003 00:00:00 GMT",NULL,NULL
805,"LL Headset",HS-0296,NULL,15.18,34.2,NULL,NULL,15,59,"Mon, 01 Jul 2002 00:00:00 GMT","Mon, 30 Jun 2003 00:00:00 GMT",NULL,NULL
806,"ML Headset",HS-2451,NULL,45.42,102.29,NULL,NULL,15,60,"Mon, 01 Jul 2002 00:00:00 GMT","Mon, 30 Jun 2003 00:00:00 GMT",NULL,NULL
807,"HL Headset",HS-3479,NULL,55.38,124.73,NULL,NULL,15,61,"Mon, 01 Jul 2002 00:00:00 GMT","Mon, 30 Jun 2003 00:00:00 GMT",NULL,NULL
808,"LL Mountain Handlebars",HB-M243,NULL,19.78,44.54,NULL,NULL,8,52,"Mon, 01 Jul 2002 00:00:00 GMT",NULL,NULL,NULL
809,"ML Mountain Handlebars",HB-M763,NULL,27.49,61.92,NULL,NULL,8,54,"Mon, 01 Jul 2002 00:00:00 GMT",NULL,NULL,NULL
810,"HL Mountain Handlebars",HB-M918,NULL,53.4,120.27,NULL,NULL,8,55,"Mon, 01 Jul 2002 00:00:00 GMT",NULL,NULL,NULL
811,"LL Road Handlebars",HB-R504,NULL,19.78,44.54,NULL,NULL,8,56,"Mon, 01 Jul 2002 00:00:00 GMT",NULL,NULL,NULL
812,"ML Road Handlebars",HB-R720,NULL,27.49,61.92,NULL,NULL,8,57,"Mon, 01 Jul 2002 00:00:00 GMT",NULL,NULL,NULL
813,"HL Road Handlebars",HB-R956,NULL,53.4,120.27,NULL,NULL,8,58,"Mon, 01 Jul 2002 00:00:00 GMT",NULL,NULL,NULL
814,"ML Mountain Frame - Black, 38",FR-M63B-38,Black,185.82,348.76,38,1238.3,16,15,"Mon, 01 Jul 2002 00:00:00 GMT","Mon, 30 Jun 2003 00:00:00 GMT",NULL,NULL
815,"LL Mountain Front Wheel",FW-M423,Black,26.97,60.75,NULL,NULL,21,42,"Mon, 01 Jul 2002 00:00:00 GMT","Mon, 30 Jun 2003 00:00:00 GMT",NULL,NULL
816,"ML Mountain Front Wheel",FW-M762,Black,92.81,209.03,NULL,NULL,21,45,"Mon, 01 Jul 2002 00:00:00 GMT","Mon, 30 Jun 2003 00:00:00 GMT",NULL,NULL
817,"HL Mountain Front Wheel",FW-M928,Black,133.3,300.22,NULL,NULL,21,46,"Mon, 01 Jul 2002 00:00:00 GMT","Mon, 30 Jun 2003 00:00:00 GMT",NULL,NULL
818,"LL Road Front Wheel",FW-R623,Black,37.99,85.57,NULL,900,21,49,"Mon, 01 Jul 2002 00:00:00 GMT","Mon, 30 Jun 2003 00:00:00 GMT",NULL,NULL
819,"ML Road Front Wheel",FW-R762,Black,110.28,248.39,NULL,850,21,50,"Mon, 01 Jul 2002 00:00:00 GMT","Mon, 30 Jun 2003 00:00:00 GMT",NULL,NULL
820,"HL Road Front Wheel",FW-R820,Black,146.55,330.06,NULL,650,21,51,"Mon, 01 Jul 2002 00:00:00 GMT","Mon, 30 Jun 2003 00:00:00 GMT",NULL,NULL
821,"Touring Front Wheel",FW-T905,Black,96.8,218.01,NULL,NULL,21,44,"Mon, 01 Jul 2002 00:00:00 GMT","Mon, 30 Jun 2003 00:00:00 GMT",NULL,NULL
822,"ML Road Frame-W - Yellow, 38",FR-R72Y-38,Yellow,360.94,594.83,38,988.83,18,17,"Mon, 01 Jul 2002 00:00:00 GMT",NULL,NULL,NULL
823,"LL Mountain Rear Wheel",RW-M423,Black,38.96,87.75,NULL,NULL,21,123,"Mon, 01 Jul 2002 00:00:00 GMT","Mon, 30 Jun 2003 00:00:00 GMT",NULL,NULL
824,"ML Mountain Rear Wheel",RW-M762,Black,104.8,236.03,NULL,NULL,21,124,"Mon, 01 Jul 2002 00:00:00 GMT","Mon, 30 Jun 2003 00:00:00 GMT",NULL,NULL
825,"HL Mountain Rear Wheel",RW-M928,Black,145.28,327.22,NULL,NULL,21,125,"Mon, 01 Jul 2002 00:00:00 GMT","Mon, 30 Jun 2003 00:00:00 GMT",NULL,NULL
826,"LL Road Rear Wheel",RW-R623,Black,49.98,112.57,NULL,1050,21,126,"Mon, 01 Jul 2002 00:00:00 GMT","Mon, 30 Jun 2003 00:00:00 GMT",NULL,NULL
827,"ML Road Rear Wheel",RW-R762,Black,122.27,275.39,NULL,1000,21,77,"Mon, 01 Jul 2002 00:00:00 GMT","Mon, 30 Jun 2003 00:00:00 GMT",NULL,NULL
828,"HL Road Rear Wheel",RW-R820,Black,158.53,357.06,NULL,890,21,78,"Mon, 01 Jul 2002 00:00:00 GMT","Mon, 30 Jun 2003 00:00:00 GMT",NULL,NULL
829,"Touring Rear Wheel",RW-T905,Black,108.78,245.01,NULL,NULL,21,43,"Mon, 01 Jul 2002 00:00:00 GMT","Mon, 30 Jun 2003 00:00:00 GMT",NULL,NULL
830,"ML Mountain Frame - Black, 40",FR-M63B-40,Black,185.82,348.76,40,1256.44,16,14,"Mon, 01 Jul 2002 00:00:00 GMT","Mon, 30 Jun 2003 00:00:00 GMT",NULL,NULL
831,"ML Mountain Frame - Black, 44",FR-M63B-44,Black,185.82,348.76,44,1274.59,16,14,"Mon, 01 Jul 2002 00:00:00 GMT","Mon, 30 Jun 2003 00:00:00 GMT",NULL,NULL
832,"ML Mountain Frame - Black, 48",FR-M63B-48,Black,185.82,348.76,48,1292.73,16,14,"Mon, 01 Jul 2002 00:00:00 GMT","Mon, 30 Jun 2003 00:00:00 GMT",NULL,NULL
833,"ML Road Frame-W - Yellow, 40",FR-R72Y-40,Yellow,360.94,594.83,40,1006.97,18,17,"Mon, 01 Jul 2002 00:00:00 GMT",NULL,NULL,NULL
834,"ML Road Frame-W - Yellow, 42",FR-R72Y-42,Yellow,360.94,594.83,42,1025.11,18,17,"Mon, 01 Jul 2002 00:00:00 GMT",NULL,NULL,NULL
835,"ML Road Frame-W - Yellow, 44",FR-R72Y-44,Yellow,360.94,594.83,44,1043.26,18,17,"Mon, 01 Jul 2002 00:00:00 GMT",NULL,NULL,NULL
836,"ML Road Frame-W - Yellow, 48",FR-R72Y-48,Yellow,360.94,594.83,48,1061.4,18,17,"Mon, 01 Jul 2002 00:00:00 GMT",NULL,NULL,NULL
837,"HL Road Frame - Black, 62",FR-R92B-62,Black,868.63,1431.5,62,1043.26,18,6,"Mon, 01 Jul 2002 00:00:00 GMT",NULL,NULL,NULL
838,"HL Road Frame - Black, 44",FR-R92B-44,Black,868.63,1431.5,44,961.61,18,6,"Mon, 01 Jul 2002 00:00:00 GMT",NULL,NULL,NULL
839,"HL Road Frame - Black, 48",FR-R92B-48,Black,868.63,1431.5,48,979.75,18,6,"Mon, 01 Jul 2002 00:00:00 GMT",NULL,NULL,NULL
840,"HL Road Frame - Black, 52",FR-R92B-52,Black,868.63,1431.5,52,997.9,18,6,"Mon, 01 Jul 2002 00:00:00 GMT",NULL,NULL,NULL
841,"Men's Sports Shorts, S",SH-M897-S,Black,24.75,59.99,S,NULL,26,13,"Mon, 01 Jul 2002 00:00:00 GMT","Mon, 30 Jun 2003 00:00:00 GMT",NULL,NULL
842,"Touring-Panniers, Large",PA-T100,Grey,51.56,125,NULL,NULL,39,120,"Mon, 01 Jul 2002 00:00:00 GMT","Mon, 30 Jun 2003 00:00:00 GMT",NULL,NULL
843,"Cable Lock",LO-C100,NULL,10.31,25,NULL,NULL,38,115,"Mon, 01 Jul 2002 00:00:00 GMT","Mon, 30 Jun 2003 00:00:00 GMT",NULL,NULL
844,"Minipump",PU-0452,NULL,8.25,19.99,NULL,NULL,40,116,"Mon, 01 Jul 2002 00:00:00 GMT","Mon, 30 Jun 2003 00:00:00 GMT",NULL,NULL
845,"Mountain Pump",PU-M044,NULL,10.31,24.99,NULL,NULL,40,117,"Mon, 01 Jul 2002 00:00:00 GMT","Mon, 30 Jun 2003 00:00:00 GMT",NULL,NULL
846,"Taillights - Battery-Powered",LT-T990,NULL,5.77,13.99,NULL,NULL,37,108,"Mon, 01 Jul 2002 00:00:00 GMT","Mon, 30 Jun 2003 00:00:00 GMT",NULL,NULL
847,"Headlights - Dual-Beam",LT-H902,NULL,14.43,34.99,NULL,NULL,37,109,"Mon, 01 Jul 2002 00:00:00 GMT","Mon, 30 Jun 2003 00:00:00 GMT",NULL,NULL
848,"Headlights - Weatherproof",LT-H903,NULL,18.56,44.99,NULL,NULL,37,110,"Mon, 01 Jul 2002 00:00:00 GMT","Mon, 30 Jun 2003 00:00:00 GMT",NULL,NULL
849,"Men's Sports Shorts, M",SH-M897-M,Black,24.75,59.99,M,NULL,26,13,"Mon, 01 Jul 2002 00:00:00 GMT","Mon, 30 Jun 2003 00:00:00 GMT",NULL,NULL
850,"Men's Sports Shorts, L",SH-M897-L,Black,24.75,59.99,L,NULL,26,13,"Mon, 01 Jul 2002 00:00:00 GMT","Mon, 30 Jun 2003 00:00:00 GMT",NULL,NULL
851,"Men's Sports Shorts, XL",SH-M897-X,Black,24.75,59.99,XL,NULL,26,13,"Mon, 01 Jul 2002 00:00:00 GMT","Mon, 30 Jun 2003 00:00:00 GMT",NULL,NULL
852,"Women's Tights, S",TG-W091-S,Black,30.93,74.99,S,NULL,28,38,"Mon, 01 Jul 2002 00:00:00 GMT","Mon, 30 Jun 2003 00:00:00 GMT",NULL,NULL
853,"Women's Tights, M",TG-W091-M,Black,30.93,74.99,M,NULL,28,38,"Mon, 01 Jul 2002 00:00:00 GMT","Mon, 30 Jun 2003 00:00:00 GMT",NULL,NULL
854,"Women's Tights, L",TG-W091-L,Black,30.93,74.99,L,NULL,28,38,"Mon, 01 Jul 2002 00:00:00 GMT","Mon, 30 Jun 2003 00:00:00 GMT",NULL,NULL
855,"Men's Bib-Shorts, S",SB-M891-S,Multi,37.12,89.99,S,NULL,22,12,"Mon, 01 Jul 2002 00:00:00 GMT","Mon, 30 Jun 2003 00:00:00 GMT",NULL,NULL
856,"Men's Bib-Shorts, M",SB-M891-M,Multi,37.12,89.99,M,NULL,22,12,"Mon, 01 Jul 2002 00:00:00 GMT","Mon, 30 Jun 2003 00:00:00 GMT",NULL,NULL
857,"Men's Bib-Shorts, L",SB-M891-L,Multi,37.12,89.99,L,NULL,22,12,"Mon, 01 Jul 2002 00:00:00 GMT","Mon, 30 Jun 2003 00:00:00 GMT",NULL,NULL
858,"Half-Finger Gloves, S",GL-H102-S,Black,9.16,24.49,S,NULL,24,4,"Mon, 01 Jul 2002 00:00:00 GMT",NULL,NULL,NULL
859,"Half-Finger Gloves, M",GL-H102-M,Black,9.16,24.49,M,NULL,24,4,"Mon, 01 Jul 2002 00:00:00 GMT",NULL,NULL,NULL
860,"Half-Finger Gloves, L",GL-H102-L,Black,9.16,24.49,L,NULL,24,4,"Mon, 01 Jul 2002 00:00:00 GMT",NULL,NULL,NULL
861,"Full-Finger Gloves, S",GL-F110-S,Black,15.67,37.99,S,NULL,24,3,"Mon, 01 Jul 2002 00:00:00 GMT","Mon, 30 Jun 2003 00:00:00 GMT",NULL,NULL
862,"Full-Finger Gloves, M",GL-F110-M,Black,15.67,37.99,M,NULL,24,3,"Mon, 01 Jul 2002 00:00:00 GMT","Mon, 30 Jun 2003 00:00:00 GMT",NULL,NULL
863,"Full-Finger Gloves, L",GL-F110-L,Black,15.67,37.99,L,NULL,24,3,"Mon, 01 Jul 2002 00:00:00 GMT","Mon, 30 Jun 2003 00:00:00 GMT",NULL,NULL
864,"Classic Vest, S",VE-C304-S,Blue,23.75,63.5,S,NULL,29,1,"Tue, 01 Jul 2003 00:00:00 GMT",NULL,NULL,NULL
865,"Classic Vest, M",VE-C304-M,Blue,23.75,63.5,M,NULL,29,1,"Tue, 01 Jul 2003 00:00:00 GMT",NULL,NULL,NULL
866,"Classic Vest, L",VE-C304-L,Blue,23.75,63.5,L,NULL,29,1,"Tue, 01 Jul 2003 00:00:00 GMT",NULL,NULL,NULL
867,"Women's Mountain Shorts, S",SH-W890-S,Black,26.18,69.99,S,NULL,26,37,"Tue, 01 Jul 2003 00:00:00 GMT",NULL,NULL,NULL
868,"Women's Mountain Shorts, M",SH-W890-M,Black,26.18,69.99,M,NULL,26,37,"Tue, 01 Jul 2003 00:00:00 GMT",NULL,NULL,NULL
869,"Women's Mountain Shorts, L",SH-W890-L,Black,26.18,69.99,L,NULL,26,37,"Tue, 01 Jul 2003 00:00:00 GMT",NULL,NULL,NULL
870,"Water Bottle - 30 oz.",WB-H098,NULL,1.87,4.99,NULL,NULL,32,111,"Tue, 01 Jul 2003 00:00:00 GMT",NULL,NULL,NULL
871,"Mountain Bottle Cage",BC-M005,NULL,3.74,9.99,NULL,NULL,32,112,"Tue, 01 Jul 2003 00:00:00 GMT",NULL,NULL,NULL
872,"Road Bottle Cage",BC-R205,NULL,3.36,8.99,NULL,NULL,32,113,"Tue, 01 Jul 2003 00:00:00 GMT",NULL,NULL,NULL
873,"Patch Kit/8 Patches",PK-7098,NULL,0.86,2.29,NULL,NULL,41,114,"Tue, 01 Jul 2003 00:00:00 GMT",NULL,NULL,NULL
874,"Racing Socks, M",SO-R809-M,White,3.36,8.99,M,NULL,27,24,"Tue, 01 Jul 2003 00:00:00 GMT",NULL,NULL,NULL
875,"Racing Socks, L",SO-R809-L,White,3.36,8.99,L,NULL,27,24,"Tue, 01 Jul 2003 00:00:00 GMT",NULL,NULL,NULL
876,"Hitch Rack - 4-Bike",RA-H123,NULL,44.88,120,NULL,NULL,30,118,"Tue, 01 Jul 2003 00:00:00 GMT",NULL,NULL,NULL
877,"Bike Wash - Dissolver",CL-9009,NULL,2.97,7.95,NULL,NULL,33,119,"Tue, 01 Jul 2003 00:00:00 GMT",NULL,NULL,NULL
878,"Fender Set - Mountain",FE-6654,NULL,8.22,21.98,NULL,NULL,34,121,"Tue, 01 Jul 2003 00:00:00 GMT",NULL,NULL,NULL
879,"All-Purpose Bike Stand",ST-1401,NULL,59.47,159,NULL,NULL,31,122,"Tue, 01 Jul 2003 00:00:00 GMT",NULL,NULL,NULL
880,"Hydration Pack - 70 oz.",HY-1023-70,Silver,20.57,54.99,70,NULL,36,107,"Tue, 01 Jul 2003 00:00:00 GMT",NULL,NULL,NULL
881,"Short-Sleeve Classic Jersey, S",SJ-0194-S,Yellow,41.57,53.99,S,NULL,25,32,"Tue, 01 Jul 2003 00:00:00 GMT",NULL,NULL,NULL
882,"Short-Sleeve Classic Jersey, M",SJ-0194-M,Yellow,41.57,53.99,M,NULL,25,32,"Tue, 01 Jul 2003 00:00:00 GMT",NULL,NULL,NULL
883,"Short-Sleeve Classic Jersey, L",SJ-0194-L,Yellow,41.57,53.99,L,NULL,25,32,"Tue, 01 Jul 2003 00:00:00 GMT",NULL,NULL,NULL
884,"Short-Sleeve Classic Jersey, XL",SJ-0194-X,Yellow,41.57,53.99,XL,NULL,25,32,"Tue, 01 Jul 2003 00:00:00 GMT",NULL,NULL,NULL
885,"HL Touring Frame - Yellow, 60",FR-T98Y-60,Yellow,601.74,1003.91,60,1397.06,20,7,"Tue, 01 Jul 2003 00:00:00 GMT",NULL,NULL,NULL
886,"LL Touring Frame - Yellow, 62",FR-T67Y-62,Yellow,199.85,333.42,62,1451.49,20,10,"Tue, 01 Jul 2003 00:00:00 GMT",NULL,NULL,NULL
887,"HL Touring Frame - Yellow, 46",FR-T98Y-46,Yellow,601.74,1003.91,46,1342.63,20,7,"Tue, 01 Jul 2003 00:00:00 GMT",NULL,NULL,NULL
888,"HL Touring Frame - Yellow, 50",FR-T98Y-50,Yellow,601.74,1003.91,50,1360.77,20,7,"Tue, 01 Jul 2003 00:00:00 GMT",NULL,NULL,NULL
889,"HL Touring Frame - Yellow, 54",FR-T98Y-54,Yellow,601.74,1003.91,54,1378.91,20,7,"Tue, 01 Jul 2003 00:00:00 GMT",NULL,NULL,NULL
890,"HL Touring Frame - Blue, 46",FR-T98U-46,Blue,601.74,1003.91,46,1342.63,20,7,"Tue, 01 Jul 2003 00:00:00 GMT",NULL,NULL,NULL
891,"HL Touring Frame - Blue, 50",FR-T98U-50,Blue,601.74,1003.91,50,1360.77,20,7,"Tue, 01 Jul 2003 00:00:00 GMT",NULL,NULL,NULL
892,"HL Touring Frame - Blue, 54",FR-T98U-54,Blue,601.74,1003.91,54,1378.91,20,7,"Tue, 01 Jul 2003 00:00:00 GMT",NULL,NULL,NULL
893,"HL Touring Frame - Blue, 60",FR-T98U-60,Blue,601.74,1003.91,60,1397.06,20,7,"Tue, 01 Jul 2003 00:00:00 GMT",NULL,NULL,NULL
894,"Rear Derailleur",RD-2308,Silver,53.93,121.46,NULL,215,13,127,"Tue, 01 Jul 2003 00:00:00 GMT",NULL,NULL,NULL
895,"LL Touring Frame - Blue, 50",FR-T67U-50,Blue,199.85,333.42,50,1406.13,20,10,"Tue, 01 Jul 2003 00:00:00 GMT",NULL,NULL,NULL
896,"LL Touring Frame - Blue, 54",FR-T67U-54,Blue,199.85,333.42,54,1424.27,20,10,"Tue, 01 Jul 2003 00:00:00 GMT",NULL,NULL,NULL
897,"LL Touring Frame - Blue, 58",FR-T67U-58,Blue,199.85,333.42,58,1433.34,20,10,"Tue, 01 Jul 2003 00:00:00 GMT",NULL,NULL,NULL
898,"LL Touring Frame - Blue, 62",FR-T67U-62,Blue,199.85,333.42,62,1451.49,20,10,"Tue, 01 Jul 2003 00:00:00 GMT",NULL,NULL,NULL
899,"LL Touring Frame - Yellow, 44",FR-T67Y-44,Yellow,199.85,333.42,44,1369.84,20,10,"Tue, 01 Jul 2003 00:00:00 GMT",NULL,NULL,NULL
900,"LL Touring Frame - Yellow, 50",FR-T67Y-50,Yellow,199.85,333.42,50,1406.13,20,10,"Tue, 01 Jul 2003 00:00:00 GMT",NULL,NULL,NULL
901,"LL Touring Frame - Yellow, 54",FR-T67Y-54,Yellow,199.85,333.42,54,1424.27,20,10,"Tue, 01 Jul 2003 00:00:00 GMT",NULL,NULL,NULL
902,"LL Touring Frame - Yellow, 58",FR-T67Y-58,Yellow,199.85,333.42,58,1433.34,20,10,"Tue, 01 Jul 2003 00:00:00 GMT",NULL,NULL,NULL
903,"LL Touring Frame - Blue, 44",FR-T67U-44,Blue,199.85,333.42,44,1369.84,20,10,"Tue, 01 Jul 2003 00:00:00 GMT",NULL,NULL,NULL
904,"ML Mountain Frame-W - Silver, 40",FR-M63S-40,Silver,199.38,364.09,40,1256.44,16,15,"Tue, 01 Jul 2003 00:00:00 GMT",NULL,NULL,NULL
905,"ML Mountain Frame-W - Silver, 42",FR-M63S-42,Silver,199.38,364.09,42,1274.59,16,15,"Tue, 01 Jul 2003 00:00:00 GMT",NULL,NULL,NULL
906,"ML Mountain Frame-W - Silver, 46",FR-M63S-46,Silver,199.38,364.09,46,1292.73,16,15,"Tue, 01 Jul 2003 00:00:00 GMT",NULL,NULL,NULL
907,"Rear Brakes",RB-9231,Silver,47.29,106.5,NULL,317,10,128,"Tue, 01 Jul 2003 00:00:00 GMT",NULL,NULL,NULL
908,"LL Mountain Seat/Saddle",SE-M236,NULL,12.04,27.12,NULL,NULL,19,79,"Tue, 01 Jul 2003 00:00:00 GMT",NULL,NULL,NULL
909,"ML Mountain Seat/Saddle",SE-M798,NULL,17.38,39.14,NULL,NULL,19,80,"Tue, 01 Jul 2003 00:00:00 GMT",NULL,NULL,NULL
910,"HL Mountain Seat/Saddle",SE-M940,NULL,23.37,52.64,NULL,NULL,19,81,"Tue, 01 Jul 2003 00:00:00 GMT",NULL,NULL,NULL
911,"LL Road Seat/Saddle",SE-R581,NULL,12.04,27.12,NULL,NULL,19,82,"Tue, 01 Jul 2003 00:00:00 GMT",NULL,NULL,NULL
912,"ML Road Seat/Saddle",SE-R908,NULL,17.38,39.14,NULL,NULL,19,83,"Tue, 01 Jul 2003 00:00:00 GMT",NULL,NULL,NULL
913,"HL Road Seat/Saddle",SE-R995,NULL,23.37,52.64,NULL,NULL,19,84,"Tue, 01 Jul 2003 00:00:00 GMT",NULL,NULL,NULL
914,"LL Touring Seat/Saddle",SE-T312,NULL,12.04,27.12,NULL,NULL,19,66,"Tue, 01 Jul 2003 00:00:00 GMT",NULL,NULL,NULL
915,"ML Touring Seat/Saddle",SE-T762,NULL,17.38,39.14,NULL,NULL,19,65,"Tue, 01 Jul 2003 00:00:00 GMT",NULL,NULL,NULL
916,"HL Touring Seat/Saddle",SE-T924,NULL,23.37,52.64,NULL,NULL,19,67,"Tue, 01 Jul 2003 00:00:00 GMT",NULL,NULL,NULL
917,"LL Mountain Frame - Silver, 42",FR-M21S-42,Silver,144.59,264.05,42,1324.48,16,8,"Tue, 01 Jul 2003 00:00:00 GMT",NULL,NULL,NULL
918,"LL Mountain Frame - Silver, 44",FR-M21S-44,Silver,144.59,264.05,44,1342.63,16,8,"Tue, 01 Jul 2003 00:00:00 GMT",NULL,NULL,NULL
919,"LL Mountain Frame - Silver, 48",FR-M21S-48,Silver,144.59,264.05,48,1360.77,16,8,"Tue, 01 Jul 2003 00:00:00 GMT",NULL,NULL,NULL
920,"LL Mountain Frame - Silver, 52",FR-M21S-52,Silver,144.59,264.05,52,1378.91,16,8,"Tue, 01 Jul 2003 00:00:00 GMT",NULL,NULL,NULL
921,"Mountain Tire Tube",TT-M928,NULL,1.87,4.99,NULL,NULL,41,92,"Tue, 01 Jul 2003 00:00:00 GMT",NULL,NULL,NULL
922,"Road Tire Tube",TT-R982,NULL,1.49,3.99,NULL,NULL,41,93,"Tue, 01 Jul 2003 00:00:00 GMT",NULL,NULL,NULL
923,"Touring Tire Tube",TT-T092,NULL,1.87,4.99,NULL,NULL,41,94,"Tue, 01 Jul 2003 00:00:00 GMT",NULL,NULL,NULL
924,"LL Mountain Frame - Black, 42",FR-M21B-42,Black,136.79,249.79,42,1324.48,16,8,"Tue, 01 Jul 2003 00:00:00 GMT",NULL,NULL,NULL
925,"LL Mountain Frame - Black, 44",FR-M21B-44,Black,136.79,249.79,44,1342.63,16,8,"Tue, 01 Jul 2003 00:00:00 GMT",NULL,NULL,NULL
926,"LL Mountain Frame - Black, 48",FR-M21B-48,Black,136.79,249.79,48,1360.77,16,8,"Tue, 01 Jul 2003 00:00:00 GMT",NULL,NULL,NULL
927,"LL Mountain Frame - Black, 52",FR-M21B-52,Black,136.79,249.79,52,1378.91,16,8,"Tue, 01 Jul 2003 00:00:00 GMT",NULL,NULL,NULL
928,"LL Mountain Tire",TI-M267,NULL,9.35,24.99,NULL,NULL,41,85,"Tue, 01 Jul 2003 00:00:00 GMT",NULL,NULL,NULL
929,"ML Mountain Tire",TI-M602,NULL,11.22,29.99,NULL,NULL,41,86,"Tue, 01 Jul 2003 00:00:00 GMT",NULL,NULL,NULL
930,"HL Mountain Tire",TI-M823,NULL,13.09,35,NULL,NULL,41,87,"Tue, 01 Jul 2003 00:00:00 GMT",NULL,NULL,NULL
931,"LL Road Tire",TI-R092,NULL,8.04,21.49,NULL,NULL,41,88,"Tue, 01 Jul 2003 00:00:00 GMT",NULL,NULL,NULL
932,"ML Road Tire",TI-R628,NULL,9.35,24.99,NULL,NULL,41,89,"Tue, 01 Jul 2003 00:00:00 GMT",NULL,NULL,NULL
933,"HL Road Tire",TI-R982,NULL,12.19,32.6,NULL,NULL,41,90,"Tue, 01 Jul 2003 00:00:00 GMT",NULL,NULL,NULL
934,"Touring Tire",TI-T723,NULL,10.84,28.99,NULL,NULL,41,91,"Tue, 01 Jul 2003 00:00:00 GMT",NULL,NULL,NULL
935,"LL Mountain Pedal",PD-M282,Silver/Black,17.98,40.49,NULL,218,17,62,"Tue, 01 Jul 2003 00:00:00 GMT",NULL,NULL,NULL
936,"ML Mountain Pedal",PD-M340,Silver/Black,27.57,62.09,NULL,215,17,63,"Tue, 01 Jul 2003 00:00:00 GMT",NULL,NULL,NULL
937,"HL Mountain Pedal",PD-M562,Silver/Black,35.96,80.99,NULL,185,17,64,"Tue, 01 Jul 2003 00:00:00 GMT",NULL,NULL,NULL
938,"LL Road Pedal",PD-R347,Silver/Black,17.98,40.49,NULL,189,17,68,"Tue, 01 Jul 2003 00:00:00 GMT",NULL,NULL,NULL
939,"ML Road Pedal",PD-R563,Silver/Black,27.57,62.09,NULL,168,17,69,"Tue, 01 Jul 2003 00:00:00 GMT",NULL,NULL,NULL
940,"HL Road Pedal",PD-R853,Silver/Black,35.96,80.99,NULL,149,17,70,"Tue, 01 Jul 2003 00:00:00 GMT",NULL,NULL,NULL
941,"Touring Pedal",PD-T852,Silver/Black,35.96,80.99,NULL,NULL,17,53,"Tue, 01 Jul 2003 00:00:00 GMT",NULL,NULL,NULL
942,"ML Mountain Frame-W - Silver, 38",FR-M63S-38,Silver,199.38,364.09,38,1238.3,16,15,"Tue, 01 Jul 2003 00:00:00 GMT",NULL,NULL,NULL
943,"LL Mountain Frame - Black, 40",FR-M21B-40,Black,136.79,249.79,40,1306.34,16,8,"Tue, 01 Jul 2003 00:00:00 GMT",NULL,NULL,NULL
944,"LL Mountain Frame - Silver, 40",FR-M21S-40,Silver,144.59,264.05,40,1306.34,16,8,"Tue, 01 Jul 2003 00:00:00 GMT",NULL,NULL,NULL
945,"Front Derailleur",FD-2342,Silver,40.62,91.49,NULL,88,13,103,"Tue, 01 Jul 2003 00:00:00 GMT",NULL,NULL,NULL
946,"LL Touring Handlebars",HB-T721,NULL,20.46,46.09,NULL,NULL,8,47,"Tue, 01 Jul 2003 00:00:00 GMT",NULL,NULL,NULL
947,"HL Touring Handlebars",HB-T928,NULL,40.66,91.57,NULL,NULL,8,48,"Tue, 01 Jul 2003 00:00:00 GMT",NULL,NULL,NULL
948,"Front Brakes",FB-9873,Silver,47.29,106.5,NULL,317,10,102,"Tue, 01 Jul 2003 00:00:00 GMT",NULL,NULL,NULL
949,"LL Crankset",CS-4759,Black,77.92,175.49,NULL,600,12,99,"Tue, 01 Jul 2003 00:00:00 GMT",NULL,NULL,NULL
950,"ML Crankset",CS-6583,Black,113.88,256.49,NULL,635,12,100,"Tue, 01 Jul 2003 00:00:00 GMT",NULL,NULL,NULL
951,"HL Crankset",CS-9183,Black,179.82,404.99,NULL,575,12,101,"Tue, 01 Jul 2003 00:00:00 GMT",NULL,NULL,NULL
952,"Chain",CH-0234,Silver,8.99,20.24,NULL,NULL,11,98,"Tue, 01 Jul 2003 00:00:00 GMT",NULL,NULL,NULL
953,"Touring-2000 Blue, 60",BK-T44U-60,Blue,755.15,1214.85,60,12655.16,7,35,"Tue, 01 Jul 2003 00:00:00 GMT",NULL,NULL,NULL
954,"Touring-1000 Yellow, 46",BK-T79Y-46,Yellow,1481.94,2384.07,46,11398.72,7,34,"Tue, 01 Jul 2003 00:00:00 GMT",NULL,NULL,NULL
955,"Touring-1000 Yellow, 50",BK-T79Y-50,Yellow,1481.94,2384.07,50,11530.26,7,34,"Tue, 01 Jul 2003 00:00:00 GMT",NULL,NULL,NULL
956,"Touring-1000 Yellow, 54",BK-T79Y-54,Yellow,1481.94,2384.07,54,11648.19,7,34,"Tue, 01 Jul 2003 00:00:00 GMT",NULL,NULL,NULL
957,"Touring-1000 Yellow, 60",BK-T79Y-60,Yellow,1481.94,2384.07,60,11747.98,7,34,"Tue, 01 Jul 2003 00:00:00 GMT",NULL,NULL,NULL
958,"Touring-3000 Blue, 54",BK-T18U-54,Blue,461.44,742.35,54,13462.55,7,36,"Tue, 01 Jul 2003 00:00:00 GMT",NULL,NULL,NULL
959,"Touring-3000 Blue, 58",BK-T18U-58,Blue,461.44,742.35,58,13562.34,7,36,"Tue, 01 Jul 2003 00:00:00 GMT",NULL,NULL,NULL
960,"Touring-3000 Blue, 62",BK-T18U-62,Blue,461.44,742.35,62,13607.7,7,36,"Tue, 01 Jul 2003 00:00:00 GMT",NULL,NULL,NULL
961,"Touring-3000 Yellow, 44",BK-T18Y-44,Yellow,461.44,742.35,44,13049.78,7,36,"Tue, 01 Jul 2003 00:00:00 GMT",NULL,NULL,NULL
962,"Touring-3000 Yellow, 50",BK-T18Y-50,Yellow,461.44,742.35,50,13213.08,7,36,"Tue, 01 Jul 2003 00:00:00 GMT",NULL,NULL,NULL
963,"Touring-3000 Yellow, 54",BK-T18Y-54,Yellow,461.44,742.35,54,13344.62,7,36,"Tue, 01 Jul 2003 00:00:00 GMT",NULL,NULL,NULL
964,"Touring-3000 Yellow, 58",BK-T18Y-58,Yellow,461.44,742.35,58,13512.45,7,36,"Tue, 01 Jul 2003 00:00:00 GMT",NULL,NULL,NULL
965,"Touring-3000 Yellow, 62",BK-T18Y-62,Yellow,461.44,742.35,62,13607.7,7,36,"Tue, 01 Jul 2003 00:00:00 GMT",NULL,NULL,NULL
966,"Touring-1000 Blue, 46",BK-T79U-46,Blue,1481.94,2384.07,46,11398.72,7,34,"Tue, 01 Jul 2003 00:00:00 GMT",NULL,NULL,NULL
967,"Touring-1000 Blue, 50",BK-T79U-50,Blue,1481.94,2384.07,50,11530.26,7,34,"Tue, 01 Jul 2003 00:00:00 GMT",NULL,NULL,NULL
968,"Touring-1000 Blue, 54",BK-T79U-54,Blue,1481.94,2384.07,54,11648.19,7,34,"Tue, 01 Jul 2003 00:00:00 GMT",NULL,NULL,NULL
969,"Touring-1000 Blue, 60",BK-T79U-60,Blue,1481.94,2384.07,60,11747.98,7,34,"Tue, 01 Jul 2003 00:00:00 GMT",NULL,NULL,NULL
970,"Touring-2000 Blue, 46",BK-T44U-46,Blue,755.15,1214.85,46,12305.9,7,35,"Tue, 01 Jul 2003 00:00:00 GMT",NULL,NULL,NULL
971,"Touring-2000 Blue, 50",BK-T44U-50,Blue,755.15,1214.85,50,12437.44,7,35,"Tue, 01 Jul 2003 00:00:00 GMT",NULL,NULL,NULL
972,"Touring-2000 Blue, 54",BK-T44U-54,Blue,755.15,1214.85,54,12555.37,7,35,"Tue, 01 Jul 2003 00:00:00 GMT",NULL,NULL,NULL
973,"Road-350-W Yellow, 40",BK-R79Y-40,Yellow,1082.51,1700.99,40,6962.61,6,27,"Tue, 01 Jul 2003 00:00:00 GMT",NULL,NULL,NULL
974,"Road-350-W Yellow, 42",BK-R79Y-42,Yellow,1082.51,1700.99,42,7153.11,6,27,"Tue, 01 Jul 2003 00:00:00 GMT",NULL,NULL,NULL
975,"Road-350-W Yellow, 44",BK-R79Y-44,Yellow,1082.51,1700.99,44,7316.41,6,27,"Tue, 01 Jul 2003 00:00:00 GMT",NULL,NULL,NULL
976,"Road-350-W Yellow, 48",BK-R79Y-48,Yellow,1082.51,1700.99,48,7447.95,6,27,"Tue, 01 Jul 2003 00:00:00 GMT",NULL,NULL,NULL
977,"Road-750 Black, 58",BK-R19B-58,Black,343.65,539.99,58,9430.14,6,31,"Tue, 01 Jul 2003 00:00:00 GMT",NULL,NULL,NULL
978,"Touring-3000 Blue, 44",BK-T18U-44,Blue,461.44,742.35,44,13049.78,7,36,"Tue, 01 Jul 2003 00:00:00 GMT",NULL,NULL,NULL
979,"Touring-3000 Blue, 50",BK-T18U-50,Blue,461.44,742.35,50,13213.08,7,36,"Tue, 01 Jul 2003 00:00:00 GMT",NULL,NULL,NULL
980,"Mountain-400-W Silver, 38",BK-M38S-38,Silver,419.78,769.49,38,11952.1,5,22,"Tue, 01 Jul 2003 00:00:00 GMT",NULL,NULL,NULL
981,"Mountain-400-W Silver, 40",BK-M38S-40,Silver,419.78,769.49,40,12142.6,5,22,"Tue, 01 Jul 2003 00:00:00 GMT",NULL,NULL,NULL
982,"Mountain-400-W Silver, 42",BK-M38S-42,Silver,419.78,769.49,42,12305.9,5,22,"Tue, 01 Jul 2003 00:00:00 GMT",NULL,NULL,NULL
983,"Mountain-400-W Silver, 46",BK-M38S-46,Silver,419.78,769.49,46,12437.44,5,22,"Tue, 01 Jul 2003 00:00:00 GMT",NULL,NULL,NULL
984,"Mountain-500 Silver, 40",BK-M18S-40,Silver,308.22,564.99,40,12405.69,5,23,"Tue, 01 Jul 2003 00:00:00 GMT",NULL,NULL,NULL
985,"Mountain-500 Silver, 42",BK-M18S-42,Silver,308.22,564.99,42,12596.19,5,23,"Tue, 01 Jul 2003 00:00:00 GMT",NULL,NULL,NULL
986,"Mountain-500 Silver, 44",BK-M18S-44,Silver,308.22,564.99,44,12759.49,5,23,"Tue, 01 Jul 2003 00:00:00 GMT",NULL,NULL,NULL
987,"Mountain-500 Silver, 48",BK-M18S-48,Silver,308.22,564.99,48,12891.03,5,23,"Tue, 01 Jul 2003 00:00:00 GMT",NULL,NULL,NULL
988,"Mountain-500 Silver, 52",BK-M18S-52,Silver,308.22,564.99,52,13008.96,5,23,"Tue, 01 Jul 2003 00:00:00 GMT",NULL,NULL,NULL
989,"Mountain-500 Black, 40",BK-M18B-40,Black,294.58,539.99,40,12405.69,5,23,"Tue, 01 Jul 2003 00:00:00 GMT",NULL,NULL,NULL
990,"Mountain-500 Black, 42",BK-M18B-42,Black,294.58,539.99,42,12596.19,5,23,"Tue, 01 Jul 2003 00:00:00 GMT",NULL,NULL,NULL
991,"Mountain-500 Black, 44",BK-M18B-44,Black,294.58,539.99,44,12759.49,5,23,"Tue, 01 Jul 2003 00:00:00 GMT",NULL,NULL,NULL
992,"Mountain-500 Black, 48",BK-M18B-48,Black,294.58,539.99,48,12891.03,5,23,"Tue, 01 Jul 2003 00:00:00 GMT",NULL,NULL,NULL
993,"Mountain-500 Black, 52",BK-M18B-52,Black,294.58,539.99,52,13008.96,5,23,"Tue, 01 Jul 2003 00:00:00 GMT",NULL,NULL,NULL
994,"LL Bottom Bracket",BB-7421,NULL,23.97,53.99,NULL,223,9,95,"Tue, 01 Jul 2003 00:00:00 GMT",NULL,NULL,NULL
995,"ML Bottom Bracket",BB-8107,NULL,44.95,101.24,NULL,168,9,96,"Tue, 01 Jul 2003 00:00:00 GMT",NULL,NULL,NULL
996,"HL Bottom Bracket",BB-9108,NULL,53.94,121.49,NULL,170,9,97,"Tue, 01 Jul 2003 00:00:00 GMT",NULL,NULL,NULL
997,"Road-750 Black, 44",BK-R19B-44,Black,343.65,539.99,44,8967.47,6,31,"Tue, 01 Jul 2003 00:00:00 GMT",NULL,NULL,NULL
998,"Road-750 Black, 48",BK-R19B-48,Black,343.65,539.99,48,9130.77,6,31,"Tue, 01 Jul 2003 00:00:00 GMT",NULL,NULL,NULL
999,"Road-750 Black, 52",BK-R19B-52,Black,343.65,539.99,52,9262.31,6,31,"Tue, 01 Jul 2003 00:00:00 GMT",NULL,NULL,NULL
