CustomerID,NameStyle,Title,FirstName,MiddleName,LastName,Suffix,CompanyName,SalesPerson,EmailAddress,Phone,PasswordHash,PasswordSalt
1,0,Mr.,Orlando,N.,Gee,NULL,A Bike Store,adventure-workspamela0,orlando0@adventure-works.com,245-555-0173,L/Rlwxzp4w7RWmEgXX+/A7cXaePEPcp+KwQhl2fJL7w=,1KjXYs4=
2,0,Mr.,Keith,NULL,Harris,NULL,Progressive Sports,adventure-worksdavid8,keith0@adventure-works.com,170-555-0127,YPdtRdvqeAhj6wyxEsFdshBDNXxkCXn+CRgbvJItknw=,fs1ZGhY=
3,0,Ms.,Donna,F.,Carreras,NULL,Advanced Bike Components,adventure-worksjillian0,donna0@adventure-works.com,279-555-0130,LNoK27abGQo48gGue3EBV/UrlYSToV0/s87dCRV7uJk=,YTNH5Rw=
4,0,Ms.,Janet,M.,Gates,NULL,Modular Cycle Systems,adventure-worksjillian0,janet1@adventure-works.com,710-555-0173,ElzTpSNbUW1Ut+L5cWlfR7MF6nBZia8WpmGaQPjLOJA=,nm7D5e4=
5,0,Mr.,Lucy,NULL,Harrington,NULL,Metropolitan Sports Supply,adventure-worksshu0,lucy0@adventure-works.com,828-555-0186,KJqV15wsX3PG8TS5GSddp6LFFVdd3CoRftZM/tP0+R4=,cNFKU4w=
6,0,Ms.,Rosmarie,J.,Carroll,NULL,Aerobic Exercise Company,adventure-workslinda3,rosmarie0@adventure-works.com,244-555-0112,OKT0scizCdIzymHHOtyJKQiC/fCILSooSZ8dQ2Y34VM=,ihWf50M=
7,0,Mr.,Dominic,P.,Gash,NULL,Associated Bikes,adventure-worksshu0,dominic0@adventure-works.com,192-555-0173,ZccoP/jZGQm+Xpzc7RKwDhS11YFNybwcPVRYTSNcnSg=,sPoUBSQ=
10,0,Ms.,Kathleen,M.,Garza,NULL,Rural Cycle Emporium,adventure-worksjose1,kathleen0@adventure-works.com,150-555-0127,Qa3aMCxNbVLGrc0b99KsbQqiVgwYDfHcsK9GZSUxcTM=,Ls05W3g=
11,0,Ms.,Katherine,NULL,Harding,NULL,Sharp Bikes,adventure-worksjose1,katherine0@adventure-works.com,926-555-0159,uRlorVzDGNJIX9I+ehTlRK+liT4UKRgWhApJgUMC2d4=,jpHKbqE=
12,0,Mr.,Johnny,A.,Caprio,Jr.,Bikes and Motorbikes,adventure-worksgarrett1,johnny0@adventure-works.com,112-555-0191,jtF9jBoFYeJTaET7x+eJDkd7BzMz15Wo9odbGPBaIak=,wVLnvHo=
16,0,Mr.,Christopher,R.,Beck,Jr.,Bulk Discount Store,adventure-worksjae0,christopher1@adventure-works.com,1 (11) 500 555-0132,sKt9daCzEEKWAzivEGPOp8tmaM1R3I+aJfcBjzJRFLo=,8KfYx/4=
18,0,Mr.,David,J.,Liu,NULL,Catalog Store,adventure-worksmichael9,david20@adventure-works.com,440-555-0132,61zeTkO+eI5g8GG0swny8Wp/6GzZMFnT71fnW4lTHNY=,c7Ttvv0=
19,0,Mr.,John,A.,Beaver,NULL,Center Cycle Shop,adventure-workspamela0,john8@adventure-works.com,521-555-0195,DzbqWX7B3EK5Dub92CKHYSUGKGbZCbrcVDpVe/xyBeI=,zXNgrJw=
20,0,Ms.,Jean,P.,Handley,NULL,Central Discount Store,adventure-worksdavid8,jean1@adventure-works.com,582-555-0113,o1GVo3vExeNzo0/ctdRGf2eDK3uzTlcUbr18tN+Slf8=,uMsvfdo=
21,0,NULL,Jinghao,NULL,Liu,NULL,Chic Department Stores,adventure-worksjillian0,jinghao1@adventure-works.com,928-555-0116,IaD5AeqK9mRiIrJi/etZGVO6EiybLf/oksA2CqrpoJ0=,p6pOqKc=
22,0,Ms.,Linda,E.,Burnett,NULL,Travel Systems,adventure-worksjillian0,linda4@adventure-works.com,121-555-0121,23AwhujCoXYSPiN/B+G8Z9rk36xl35EbdLT7akTMTqU=,SmyIPjE=
23,0,Mr.,Kerim,NULL,Hanif,NULL,Bike World,adventure-worksshu0,kerim0@adventure-works.com,216-555-0122,d0WSjosAd7Y3XOWjNAkoTClCb50vwPuAawOSI1iosgs=,33g5co8=
24,0,Mr.,Kevin,NULL,Liu,NULL,Eastside Department Store,adventure-workslinda3,kevin5@adventure-works.com,926-555-0164,ylTpkIOHKLcjihNjS0j/k10eOHOsWQMNhlbuOCp+UTY=,TgZnUOg=
25,0,Mr.,Donald,L.,Blanton,NULL,Coalition Bike Company,adventure-worksshu0,donald0@adventure-works.com,357-555-0161,pKYDelLBOZMO98GBzhMxBSzzE0gUYKx9dXzYTYNuBgw=,jKtOaOw=
28,0,Ms.,Jackie,E.,Blackwell,NULL,Commuter Bicycle Store,adventure-worksjose1,jackie0@adventure-works.com,972-555-0163,wqhgKfOTfef4Zo3cb6FwsFzvG/yCVstuYh3AuwjRszQ=,SZ+r60o=
29,0,Mr.,Bryan,NULL,Hamilton,NULL,Cross-Country Riding Supplies,adventure-worksjose1,bryan2@adventure-works.com,344-555-0144,ftRWIIT4oF+if+ddn1ROYXHw6PAooKFX3uALZ0uEU98=,IRNPDIw=
30,0,Mr.,Todd,R.,Logan,NULL,Cycle Merchants,adventure-worksgarrett1,todd0@adventure-works.com,783-555-0110,FV6z03ywMJOumcU+TEoL/Z/s4YP2fe8B3MJUUTA0CHU=,mFRhaEg=
34,0,Ms.,Barbara,J.,German,NULL,Cycles Wholesaler & Mfg.,adventure-worksjae0,barbara4@adventure-works.com,1 (11) 500 555-0181,2Pyd3S3Os61yt+lfSjMgSDNwT1LL4Qs51m1ob42We40=,Jvsxxrg=
37,0,Mr.,Jim,NULL,Geist,NULL,Two Bike Shops,adventure-workspamela0,jim1@adventure-works.com,724-555-0161,cvqeC4fJcKwJ9jlluiWvK5/MyuSi8neLnjFDGdvzJy4=,ot8WcXk=
38,0,Ms.,Betty,M.,Haines,NULL,Finer Mart,adventure-worksdavid8,betty0@adventure-works.com,867-555-0114,Q/nGAVzOO1ZT/4+BQ1kwltqQyzycLA2GGmDmBBxLMnM=,6IvcbVg=
39,0,Ms.,Sharon,J.,Looney,NULL,Fitness Hotel,adventure-worksjillian0,sharon2@adventure-works.com,377-555-0132,Uo3kAuNh936QfPTIfPt6I6Z3+olLMRu5IC5awuzDaG8=,uHgb0IU=
40,0,Mr.,Darren,NULL,Gehring,NULL,Journey Sporting Goods,adventure-worksjillian0,darren0@adventure-works.com,417-555-0182,kqptixZ7LqTuOKcc7ylpabWrgWr5BDXa2fpkDxEwaCY=,Xe7grug=
41,0,Ms.,Erin,M.,Hagens,NULL,Distant Inn,adventure-worksshu0,erin1@adventure-works.com,244-555-0127,92Sfw/bl0dUJO9SAfoKn452VJcstSo2lgAbSPk97nRA=,8soIcx8=
42,0,Mr.,Jeremy,NULL,Los,NULL,Healthy Activity Store,adventure-workslinda3,jeremy0@adventure-works.com,911-555-0165,jLMkpmNutZFzWw7sSWZeqd91vtlRwaWx2Ub21mhsvlU=,JK9/WX8=
43,0,Ms.,Elsa,NULL,Leavitt,NULL,Frugal Bike Shop,adventure-worksshu0,elsa0@adventure-works.com,482-555-0174,BmJaM+147GrhU00kNTtaTolp0EJcarJK/SCfew4ZiYA=,YADhpPo=
46,0,Mr.,David,O,Lawrence,NULL,Gear-Shift Bikes Limited,adventure-worksjose1,david19@adventure-works.com,653-555-0159,HyZexVTTLfKfhx/Sb+XHQb4vta2LC1FD3OYIkpmzMlQ=,/kc6RdY=
47,0,Ms.,Hattie,J.,Haemon,NULL,Greater Bike Store,adventure-worksjose1,hattie0@adventure-works.com,141-555-0172,RLemw98UkhyklI9z6Kx01t3fpE6z6E9v5GdRReTdOIY=,8n38uVg=
48,0,Ms.,Anita,R.,Lucerne,NULL,Grand Industries,adventure-worksgarrett1,anita0@adventure-works.com,164-555-0118,YYTwMHBzX9ZM2XoYAzTo7bVfsHm05BO3Sl1+sokcRjM=,Zb6O1a0=
52,0,Ms.,Rebecca,NULL,Laszlo,NULL,Instruments and Parts Company,adventure-worksjae0,rebecca2@adventure-works.com,1 (11) 500 555-0155,ox4SPBzzVPKyCVoIcZvkdVLtnQlKoDXCciBGcqVAfrI=,n7ydrrc=
55,0,Mr.,Eric,NULL,Lang,NULL,Kickstands and Accessories Company,adventure-workspamela0,eric6@adventure-works.com,932-555-0163,katp5sn21ZqJq5Z26YRBk9XXP3iFjpsX7tNPYAAxZlI=,xw9RymE=
56,0,Mr.,Brian,NULL,Groth,NULL,Latest Accessories Sales,adventure-worksdavid8,brian5@adventure-works.com,461-555-0118,tbk7TwAC5jsqEhFRRIhnL9kPBoTy3XS+EjlReKVp5mw=,hpOsvJU=
57,0,Ms.,Judy,R.,Lundahl,NULL,Leading Sales & Repair,adventure-worksjillian0,judy1@adventure-works.com,260-555-0130,VzG/BDjkh2mMWAn2eZ/FQDI5/pGurtzdCfxTaCf6zAs=,N5Ajt+s=
58,0,Mr.,Peter,NULL,Kurniawan,NULL,Largest Bike Store,adventure-worksjillian0,peter4@adventure-works.com,436-555-0160,el1s9e+hWeb+79bwrhU+hxHEyJN+j6tR8vWyKJDZmTs=,QgzjTPU=
59,0,Mr.,Douglas,NULL,Groncki,NULL,Locks Company,adventure-worksshu0,douglas2@adventure-works.com,385-555-0140,J9nhrWh6kpc/dGBkN7HRxrrbquy1Rit9UMPv9rbYjBs=,KiAAI5M=
60,0,Mr.,Sean,J.,Lunt,NULL,Main Bicycle Services,adventure-workslinda3,sean4@adventure-works.com,183-555-0111,NCIEHFdWOrgXFDd6SE817buY5XNWSBCQZlOsgOGIP2E=,eK6Wzw0=
61,0,Mr.,Jeffrey,NULL,Kurtz,NULL,Many Bikes Store,adventure-worksshu0,jeffrey3@adventure-works.com,452-555-0179,zn3Nk0+i/zyvxFNh3OziN2Pxa3NfiIlVMJ9Ox86ytao=,5MZXwF4=
64,0,Mr.,Vamsi,NULL,Kuppa,NULL,Metal Clearing House,adventure-worksjose1,vamsi1@adventure-works.com,290-555-0196,6p4SZnWdWPrBclHkaWFeooblNWE+Y4VJiuTM9hyonDI=,HaDRSbY=
65,0,Ms.,Jane,P.,Greer,NULL,Metro Manufacturing,adventure-worksjose1,jane2@adventure-works.com,737-555-0163,gCWE10xc3haq9E82Ksvg2GS6WBBD0H0ZF25YAS0CfJ8=,qxbTTkE=
66,0,Mr.,Alexander,J.,Deborde,NULL,Neighborhood Store,adventure-worksgarrett1,alexander1@adventure-works.com,394-555-0176,QC+He1HXF5uNbU5XqduVyZW0SlvdnAE2jhuD/06ukjE=,Uifpoxw=
70,0,Mr.,Deepak,NULL,Kumar,NULL,Outdoor Aerobic Systems Company,adventure-worksjae0,deepak0@adventure-works.com,1 (11) 500 555-0122,0d3F0pfNxXFKEufM738j3/fA0at2eUlZA8ibqRnMr7M=,6fOTb8g=
73,0,Ms.,Margaret,T.,Krupka,NULL,Outdoor Sports Supply,adventure-workspamela0,margaret1@adventure-works.com,107-555-0132,dI+A6Ikk6Eh9ypKYxrAEHGdSxjzUhy8bEyDdFjggW9g=,09k9Tis=
74,0,Mr.,Christopher,M.,Bright,NULL,Parcel Express Delivery Service,adventure-worksdavid8,christopher2@adventure-works.com,162-555-0166,jIw8zSChmDX3xmVInKUV46U77LBgW9C5vlIMvK4NqF8=,J9DNyhU=
75,0,Ms.,Aidan,NULL,Delaney,NULL,Paint Supply,adventure-worksjillian0,aidan0@adventure-works.com,358-555-0188,6lcVqEc4gGgfW6DsOks/KuDIWIP5qFsrc8sXtmcwj6E=,DKu7/UM=
76,0,Mr.,James,J.,Krow,NULL,Out-of-the-Way Hotels,adventure-worksjillian0,james11@adventure-works.com,265-555-0190,I2HiduC1LR4LnxkLk1SFZ0OCyPveKfbQ6Q4mjKnPiyA=,PJEpZaA=
77,0,Mr.,Michael,NULL,Brundage,NULL,Mechanical Products Ltd.,adventure-worksshu0,michael13@adventure-works.com,128-555-0148,Ioh5Ss2cXrUAI8DZcSkQ/z92aEmHE0Wxqc6MdggjJQE=,MjQeaAE=
78,0,Mr.,Stefan,NULL,Delmarco,NULL,Preferred Bikes,adventure-workslinda3,stefan0@adventure-works.com,819-555-0186,9rOycZRxDntXWB8Y/285x4HS6G2ATNOzhqIhF+oBGqc=,BsI2IB4=
79,0,Mr.,Mitch,NULL,Kennedy,NULL,Reasonable Bicycle Sales,adventure-worksshu0,mitch0@adventure-works.com,996-555-0192,Re4KikAJLZeLX+pM2Bw7HZNkd5Yyd/vrGB7WhjbYmCo=,lGI5cA0=
82,0,Mr.,James,D.,Kramer,NULL,Refined Department Stores,adventure-worksjose1,james10@adventure-works.com,814-555-0130,8x6bpv0tFDausfY5Z8RQwPKRz3E+N1BszPMzVAsq5kg=,5NcSbeg=
83,0,Mr.,Eric,J.,Brumfield,NULL,Requisite Part Supply,adventure-worksjose1,eric3@adventure-works.com,644-555-0114,pd7lPYE+Gn7QnX4l6aMxG6WiRZGpPVsBcJ1kBpXl7pc=,MAOhXKA=
84,0,Ms.,Della,F.,Demott Jr,NULL,Rewarding Activities Company,adventure-worksgarrett1,della0@adventure-works.com,752-555-0185,oR9ACW0ZX4v6zBa57CfhePKM1qmHjgDwNdGaTDAp4io=,966Lz4w=
88,0,Ms.,Pamala,M.,Kotc,NULL,Closest Bicycle Store,adventure-worksjae0,pamala0@adventure-works.com,1 (11) 500 555-0173,3nXek8BFNaBhIi8CwSzQOVdo1ZthphI3kGbZTrt6jNM=,/rh9tFs=
91,0,Ms.,Joy,R.,Koski,NULL,Scooters and Bikes Store,adventure-workspamela0,joy0@adventure-works.com,810-555-0198,tTeR7tEh6XEQtr0WQ2eXrHrqjsOt2mdihjWZ3c4q50s=,IrqLpXQ=
92,0,Ms.,Jovita,A.,Carmody,NULL,Sports Commodities,adventure-worksdavid8,jovita0@adventure-works.com,646-555-0137,d3uGruCihzt7+Dipsh3+fE3iZd/uKCf8sy56xa5chxU=,zmqmiAQ=
93,0,Mr.,Prashanth,NULL,Desai,NULL,Stationary Bikes and Stands,adventure-worksjillian0,prashanth0@adventure-works.com,138-555-0156,AT0SeSL9gTlDL0/MHFMEy5GrEjR12DBF5ag/cyHZpJY=,l32Vf08=
94,0,Mr.,Scott,NULL,Konersmann,NULL,Specialty Sports Store,adventure-worksjillian0,scott6@adventure-works.com,556-555-0192,2WMJfIzZjrB1xeQtjtSTUQfxxeowOV9LmAjmUkH/qP4=,A+rOrG0=
95,0,Ms.,Jane,N.,Carmichael,NULL,Rural Department Store,adventure-worksshu0,jane0@adventure-works.com,716-555-0167,ZIXjFmD2T/Gf9bPHIkx7X82eU+I86/8p3rmYxWqwtkQ=,BUBjqIQ=
96,0,Ms.,Bonnie,B.,Lepro,NULL,More Bikes!,adventure-workslinda3,bonnie2@adventure-works.com,354-555-0130,QFcESEnv3fd3s0KxftaNIRbKv6ba7PNXWLVrlx/mrF4=,WVm7PpY=
97,0,Mr.,Eugene,NULL,Kogan,NULL,Mountain Bike Center,adventure-worksshu0,eugene2@adventure-works.com,136-555-0134,Tp1Zre+rOA0pmlkyosHvuAxhbMWt7UcvCPrAYmXyI+w=,GdsdWsk=
100,0,Mr.,Kirk,T,King,NULL,Up-To-Date Sports,adventure-worksjose1,kirk2@adventure-works.com,979-555-0163,056V7iOc8FPUiLanlyEqQX6cAWuL0TJ8fQBhX7mEjMU=,b96sfSU=
101,0,Mr.,William,J.,Conner,NULL,Urban Sports Emporium,adventure-worksjose1,william1@adventure-works.com,383-555-0111,GZyRS1qyQMxNWXYf0B1uj2nyQjhk4oN+Qv3geEMUy5A=,94SS2WQ=
102,0,Ms.,Linda,NULL,Leste,NULL,National Manufacturing,adventure-worksgarrett1,linda7@adventure-works.com,493-555-0134,heRwLFQMae6Y0X7+Q7tLrq4gB5sXd8jC7uiIjXlEs6Y=,OHu+9rc=
106,0,Ms.,Andrea,A.,Thomsen,NULL,West Side Mart,adventure-worksjae0,andrea1@adventure-works.com,1 (11) 500 555-0120,LDoJwsGCFLtxVdbdQBbN/to7zFF1skP+hWLrIrCxvAw=,NuexV8w=
109,0,Mr.,Daniel,P.,Thompson,NULL,Travel Sports,adventure-workspamela0,daniel2@adventure-works.com,247-555-0197,DgTXKBbRFAv0jGUCn8yCPgnYQP1JhhVioFj9E1gXCS8=,jcMXc0w=
110,0,Ms.,Kendra,N.,Thompson,NULL,Vintage Sport Boutique,adventure-worksdavid8,kendra0@adventure-works.com,464-555-0188,dBvr8YSJ5D5BzBQ6uCOKmYVG2wDeIf97H4Jh3ePPYHM=,IS71rL8=
111,0,Mr.,Scott,A.,Colvin,NULL,Westside Cycle Store,adventure-worksjillian0,scott1@adventure-works.com,119-555-0144,4QoOmH+4/mabhuXqIQnoVm+1MjvTYyAHid9vpNehSxs=,sA8S2v4=
112,0,Ms.,Elsie,L.,Lewin,NULL,Town Industries,adventure-worksjillian0,elsie0@adventure-works.com,803-555-0116,sbrtAXJY79C5nTfNaktfR5zn9+uSLMSL26NETFSeEas=,UUwXzgY=
113,0,Mr.,Donald,M.,Thompson,NULL,Trendy Department Stores,adventure-worksshu0,donald1@adventure-works.com,273-555-0111,HfjBjq3HyrYM/vkKe/z2JUvmTeROuQWy7ntzIG/uTNk=,ke7sTgo=
114,0,Mr.,John,L.,Colon,NULL,Two Wheels Cycle Store,adventure-workslinda3,john14@adventure-works.com,397-555-0144,9HEZAYB77VjHRd83ZDP94/ugDP0PhvUiIRCi3Cl5y7A=,j6Z6ny8=
115,0,Mr.,George,Z.,Li,NULL,Security Racks and Locks Wholesalers,adventure-worksshu0,george3@adventure-works.com,699-555-0183,y3YyySPHg7l+/+LZkIFmyZ7gE+BOIOdPEq+t+oE093g=,4m5UYgM=
118,0,Mr.,Yale,NULL,Li,NULL,Rapid Bikes,adventure-worksjose1,yale0@adventure-works.com,316-555-0138,B2RR480ridZSqURXY3APlxFk13GITW6LDFutGbpSUIs=,5MEUKYU=
119,0,Ms.,Phyllis,A.,Thomas,NULL,Red Bicycle Company,adventure-worksjose1,phyllis2@adventure-works.com,667-555-0112,hAXpzsxtYdB4R3XMc08m98BwHHvL0+J6J+y0u7B1ngg=,ycYA+jA=
120,0,Mr.,Pat,NULL,Coleman,NULL,Machines & Cycles Store,adventure-worksgarrett1,pat2@adventure-works.com,292-555-0128,61UcbVZnGT5eqxs0oFMv4JyipeaQCUZgUZkPgtVNBDo=,7+I+4k4=
124,0,Ms.,Yuhong,NULL,Li,NULL,Nearby Sporting Goods,adventure-worksjae0,yuhong1@adventure-works.com,1 (11) 500 555-0176,XrcuygOte7eGdTleJOKDmf/XBySqc/0xVbjpIPzMWQA=,R273GbA=
127,0,Mr.,Joseph,M.,Lique,NULL,Front Sporting Goods,adventure-workspamela0,joseph2@adventure-works.com,119-555-0195,7dnLSdRuWFKBMjmORanIkwGVy3smf5yZI3YxSSyd5/U=,jH5dJh4=
128,0,Ms.,Judy,J.,Thames,NULL,Demand Distributors,adventure-worksdavid8,judy3@adventure-works.com,799-555-0118,BXs/jMkqmCMJn6V9vWS+iM7P+R0MGu2nmP4SLrJrYCg=,OSnERUk=
129,0,Ms.,Connie,L.,Coffman,NULL,Discount Bicycle Specialists,adventure-worksjillian0,connie0@adventure-works.com,426-555-0181,Wkqdm53a0uim7B/e9+IT0I81uzxMNnh1FBaeXd3nyP0=,3tT/ffQ=
130,0,Mr.,Paulo,H.,Lisboa,NULL,Elite Bikes,adventure-worksjillian0,paulo0@adventure-works.com,380-555-0116,MO2kc8uiSARHp+gxFShJchORmBfhfAz+NC31TDVciS8=,QXbFwBQ=
131,0,Ms.,Vanessa,J.,Tench,NULL,Eighth Bike Store,adventure-worksshu0,vanessa0@adventure-works.com,785-555-0163,qnzSZKGLMJiDzrH9h5VfDojb/pTtQKfZNc7nW7qzQ90=,dPOi278=
132,0,Ms.,Teanna,M.,Cobb,NULL,Another Sporting Goods Company,adventure-workslinda3,teanna0@adventure-works.com,661-555-0168,oDFb9hjhU08th9xeH9bRAY/U7JJTdaLY9NiegJj3vzk=,60Z0AcQ=
133,0,Mr.,Michael,NULL,Graff,NULL,Commercial Sporting Goods,adventure-worksshu0,michael16@adventure-works.com,132-555-0150,NRM1BXnt0/4EDaPuM5qday+BOZANEisKCyGGQqJxXpY=,ewV5lII=
136,0,Mr.,Derek,NULL,Graham,NULL,Wholesale Parts,adventure-worksjose1,derek0@adventure-works.com,674-555-0187,FJJVccEFyVV8NubSxOFblRtnKqQD221f9AT9xxYTOUA=,8ju6sOA=
137,0,NULL,Gytis,M,Barzdukas,NULL,Transportation Options,adventure-worksjose1,gytis0@adventure-works.com,257-555-0119,muiJ85PHJTw5ocOM+yS+gq+w8REzzCOfzXZNFyDZniI=,lUNnQso=
138,0,Ms.,Jane,NULL,Clayton,NULL,South Bike Company,adventure-worksgarrett1,jane1@adventure-works.com,206-555-0195,o02Imw+gyZX9J1yiTBKYD4M5XlerPqz3usX+v3CsDHA=,PZCGT2g=
142,0,Mr.,Jon,NULL,Grande,NULL,Riding Cycles,adventure-worksjae0,jon1@adventure-works.com,1 (11) 500 555-0114,26rwIeR9oyfo+P6lodeASP/MAC2/tdKFbmFVC5uBRmA=,83inWt0=
145,0,Mr.,Ted,NULL,Bremer,NULL,Raw Materials Inc,adventure-workspamela0,ted0@adventure-works.com,962-555-0166,mBQHYK00pq9+tDgH7TR6fPrrYQ2drX7/VuuHgkUSOiQ=,MxiyX14=
146,0,Mr.,Richard,NULL,Bready,NULL,Latest Sports Equipment,adventure-worksdavid8,richard1@adventure-works.com,340-555-0131,kOabrc0OqOISR4N3D3FZkOh3yAKQCF/ozSx7G00Kpt0=,jpRF8lY=
147,0,Ms.,Alice,NULL,Clark,NULL,Local Hardware Factory,adventure-worksjillian0,alice1@adventure-works.com,221-555-0141,ZZhnNULC5d/7tZv0hUtCl4jKwgyZql8aSrIzlTaTvg0=,hGHOthw=
148,0,Mr.,Alan,NULL,Brewer,NULL,Lots of Bikes Storehouse,adventure-worksjillian0,alan1@adventure-works.com,494-555-0134,t9ecYoVIOcEiyXvl+noHoCymcRlJij1fzZzXfKeZ/R0=,6ZoXk8E=
149,0,Mr.,Cornelius,L.,Brandon,NULL,Initial Bike Company,adventure-worksshu0,cornelius0@adventure-works.com,229-555-0114,fftjn+fbjvHFJ4bf7rTpLdlCHv61xF+y0ZPKKevQV98=,OzSaq2k=
150,0,Ms.,Jill,J.,Christie,NULL,Fleet Bikes,adventure-workslinda3,jill1@adventure-works.com,927-555-0198,Vlb2fj7yW2d5JtfPLZvbicsQNEgLhh0b93Uw2pLEBuE=,2cMmc9Y=
151,0,Mr.,Walter,J.,Brian,IV,Futuristic Bikes,adventure-worksshu0,walter0@adventure-works.com,163-555-0155,NN11OHHxrOm6r8lPyhXuBk13QMD+8tph5PIdJ4t0JmY=,PiILPfc=
154,0,Mr.,Carlton,M.,Carlisle,NULL,Camping and Sports Store,adventure-worksjose1,carlton0@adventure-works.com,193-555-0116,GJhY98QoDTRmv/6f6RcLwoj2v33jAZopR8AjLor/sqc=,fYgdeM0=
155,0,Mr.,Joseph,N.,Castellucio,NULL,Corner Bicycle Supply,adventure-worksjose1,joseph1@adventure-works.com,180-555-0114,NLAR7H8spiCb/C0qY+3qkJm3VuoSOqDw7yspRc1CTTg=,Whn5BXY=
156,0,Mr.,Lester,J.,Bowman,Sr.,Metal Processing Company,adventure-worksgarrett1,lester0@adventure-works.com,844-555-0112,+CFHIbYlE+nsmSbCpJOTLZXChbtYA9JzdSnd1Qejk5g=,w7ec7iI=
160,0,Ms.,Brigid,F.,Cavendish,NULL,Vigorous Sports Store,adventure-worksjae0,brigid0@adventure-works.com,1 (11) 500 555-0178,20rlqqjWOPLBi7oYKBrHMzouHcYl6OknJcV+yc0zQKo=,QS6UTS4=
163,0,Mr.,Andrew,NULL,Cencini,NULL,Sports Merchandise,adventure-workspamela0,andrew2@adventure-works.com,644-555-0111,Eo1pvctUvdkRpUgGHwOfILlh5uZiYuLv+eBXLj1viR8=,LCi+QgQ=
164,0,Ms.,Cindy,M.,Dodd,NULL,Suburban Cycle Shop,adventure-worksdavid8,cindy0@adventure-works.com,706-555-0140,C7FdyTzpzS44mEsqgDG4s8S3CZJtl+yiy9sH4rEI9VY=,M4cce8o=
165,0,Mr.,Randall,NULL,Boseman,NULL,Third Bike Store,adventure-worksjillian0,randall0@adventure-works.com,383-555-0117,UsXZ9ElCaZBo0YED9A2khFNGjNK+8yHdxnraI+OHsZ8=,oMeb83g=
166,0,Ms.,Stacey,M.,Cereghino,NULL,Fitness Toy Store,adventure-worksjillian0,stacey0@adventure-works.com,351-555-0131,u/IE2VGaycl6iSw+8Es0ro5F6g//TK/eJA3ICMBHXmc=,n+71V7I=
167,0,Mr.,Blaine,NULL,Dockter,NULL,Farthermost Bike Shop,adventure-worksshu0,blaine0@adventure-works.com,156-555-0187,9E6RJtJrsu2iqMbyKMJRaVfPipCW5XObegb3KE3K85M=,hiSI26I=
168,0,Sr.,Luis,NULL,Bonifaz,NULL,Economy Bikes Company,adventure-workslinda3,luis0@adventure-works.com,688-555-0113,fOnF7T/vMnI6uJzH1IxN9lcM8z31odelgSIW9Vu8sD4=,dz8Ej6A=
169,0,Ms.,Brenda,NULL,Diaz,NULL,Downtown Hotel,adventure-worksshu0,brenda2@adventure-works.com,147-555-0192,84meSWqxRT9guwZSihzP3MYe7UV2VaMLBldOf8pTy5A=,lsd099Q=
172,0,Ms.,Gabriele,NULL,Dickmann,NULL,Certified Sports Supply,adventure-worksjose1,gabriele0@adventure-works.com,835-555-0116,6eApe0lB1ZkvyJB3Uo3LaYGV8sm2/NE9fUHXM7a0RYU=,M8SoIWU=
173,0,Mr.,Rudolph,J.,Dillon,Sr.,Sundry Sporting Goods,adventure-worksjose1,rudolph0@adventure-works.com,722-555-0169,hynkaEM/LxC86JGG4q4AGgiar6iWoIu5bLVB3gFq2RM=,DUDd/5g=
174,0,Mr.,Michael,L.,Bohling,NULL,Toy Manufacturing Inc,adventure-worksgarrett1,michael12@adventure-works.com,838-555-0147,OaSaJ/wRTB0DFRe0vMDnhW8BPYsB0r2Stk5dzsBWusI=,G5ADims=
178,0,Mr.,Dick,NULL,Dievendorff,NULL,Rampart Amusement Company,adventure-worksjae0,dick1@adventure-works.com,1 (11) 500 555-0193,dI9bbaCIElCUwy2PYLUYLNIrdM9yCcuTmHspqw8Wsxc=,FihOX8w=
180,0,Ms.,Nicky,E.,Chesnut,NULL,Full-Service Bike Store,adventure-worksmichael9,nicky0@adventure-works.com,264-555-0164,weDREfIdFEInQXlEuUK3AjoRiqGR7g2cJQHBZ1BT5xw=,ggpF1Og=
181,0,Mr.,Michael,J.,Lee,NULL,Family Entertainment Center,adventure-workspamela0,michael18@adventure-works.com,396-555-0139,A6RveLbS4qIaP/sOesBWwK7KlcShNP0N7DDN2VRWxYk=,vhvGQUE=
182,0,Mr.,Stanley,A.,Alan,Jr.,Another Bicycle Company,adventure-worksdavid8,stanley0@adventure-works.com,156-555-0126,uzR3iWUJwdMRenhBxExmLfmCRPenWgwazHnSEPDbzb8=,kj/7VTw=
183,0,Mr.,Yao-Qiang,NULL,Cheng,NULL,This Area Sporting Goods,adventure-worksjillian0,yao-qiang0@adventure-works.com,344-555-0181,3LD/Jab7lP6gIPvK5EdTnwhHBo+dxs3y9GbIgmN6E8Q=,BG6Ps64=
184,0,Ms.,Marjorie,M.,Lee,NULL,Go-cart and Bike Specialists,adventure-worksjillian0,marjorie0@adventure-works.com,306-555-0166,viR4W7eY7DDH81eAFhdKTb8Hft5EM8K5CcxdoPdoqgs=,ZcFvFFc=
185,0,Mr.,Sandeep,NULL,Kaliyath,NULL,Weekend Bike Tours,adventure-worksshu0,sandeep1@adventure-works.com,495-555-0113,Rrgza3uGhmNF9StSEGpXIJ5moVVsmcjhGDjdCAPyMnc=,ekE0M9I=
186,0,Mr.,Pei,NULL,Chow,NULL,Thrilling Bike Tours,adventure-workslinda3,pei0@adventure-works.com,789-555-0184,UVTWGfYZBU+ZmXLqhvqZFDwYXdtX14O87KHOHN36XDc=,pI/k4Qw=
187,0,Mr.,Frank,NULL,Campbell,NULL,Trailblazing Sports,adventure-worksshu0,frank4@adventure-works.com,491-555-0132,XKb/GbNNUPKesifxpBwavz3wz5Y3jbFPJgsBIVEFvO0=,/9h1e7s=
190,0,Mr.,Mark,NULL,Lee,NULL,Racing Partners,adventure-worksjose1,mark5@adventure-works.com,371-555-0112,Lk6x4lbbepoCdlNUxLYjn6D3zCWVxEKiK2DwxCURAis=,s7z2FRc=
191,0,Ms.,Sandra,T.,Kitt,NULL,Non-Slip Pedal Company,adventure-worksjose1,sandra2@adventure-works.com,303-555-0117,d8QmW8XwLDvVvz9RYBNkv59Snnfp3tdnQQ/IZ0UEV9U=,FccEr0Q=
192,0,Mr.,Hao,NULL,Chen,NULL,Nuts and Bolts Mfg.,adventure-worksgarrett1,hao1@adventure-works.com,117-555-0173,iwlZhoYS98IRDbB9ps/YqC5ITCR+AZm5L+5g5nqHzE4=,okCr0j4=
196,0,Ms.,Jolie,NULL,Lenehan,NULL,Exhibition Showroom,adventure-worksjae0,jolie0@adventure-works.com,1 (11) 500 555-0126,qUddcyDDhMORzm2Tp3YcC3vD7dXKgTEDtTorjPbhbmk=,C2IP7to=
197,0,Ms.,Diane,F.,Krane,NULL,"Fabrikam Inc., West",adventure-worksmichael9,diane4@adventure-works.com,224-555-0126,IQvtwGrIwRDX9ZHmv+WXAmqiXokkD7MT/x8ZdSBArjo=,6xHx1mQ=
198,0,Mr.,Payton,P.,Benson,NULL,Field Trip Inc,adventure-worksmichael9,payton0@adventure-works.com,528-555-0183,FnBp23EtjoS2hj7nCcr9a76vZjNvQ+/WT/5vyYyKG5o=,TYGH50Q=
199,0,Mr.,Roger,NULL,Lengel,NULL,Authorized Bike Sales and Rental,adventure-workspamela0,roger1@adventure-works.com,947-555-0143,LoVploOms9pM4zQpIHQdGFLraQGd2ZtmlhGCKz8RxZk=,1PXmt4Y=
200,0,Ms.,Peggy,J.,Justice,NULL,Basic Bike Company,adventure-worksdavid8,peggy0@adventure-works.com,170-555-0189,C4CbjWP+J+L/5D9jekqIDsijBR8VvJlpu7IxqSE3ckI=,GR7idhc=
201,0,Ms.,Edna,J.,Benson,NULL,Unsurpassed Bikes,adventure-worksjillian0,edna0@adventure-works.com,789-555-0189,POpWTovMrdUJmLS24NDBdrrY5tasoVlQod5uB56k4YM=,Jx6w2tk=
202,0,NULL,A.,Francesca,Leonetti,NULL,Two-Seater Bikes,adventure-worksjillian0,a0@adventure-works.com,645-555-0193,M2iP88O+gIF88E9NpBhI0baOUusaGXrum+clJ/miHO8=,6UypM3o=
203,0,Ms.,Jean,NULL,Jordan,NULL,Separate Parts Corporation,adventure-worksshu0,jean3@adventure-works.com,207-555-0129,Fz+NYcaaq3h6DqGHlfln+rg8Acm2x1ZGxvEayxBvctA=,RqNfsHY=
204,0,Mr.,Ido,NULL,Ben-Sachar,NULL,Traction Tire Company,adventure-workslinda3,ido0@adventure-works.com,973-555-0112,miuh5Po0s3jNnKrMwmuROEApoKFRWumb1K1EMP0hGB0=,TLqFgK0=
205,0,Mr.,Frank,NULL,Mart?nez,NULL,Rally Master Company Inc,adventure-worksshu0,frank5@adventure-works.com,171-555-0147,om5PZqKM1Q45cWiYPIrXl/Aae/JkbppbhDiC35ExpI8=,6YiQ2V8=
208,0,Mr.,Steve,NULL,Masters,NULL,Professional Cyclists,adventure-worksjose1,steve2@adventure-works.com,154-555-0115,yFi3yGOATh6SBDVcA2+76Fx57aewXlckixsLIK6rBQ8=,WWk6sxA=
209,0,Mr.,Robert,E.,Jones,NULL,Purple Bicycle Company,adventure-worksjose1,robert6@adventure-works.com,595-555-0131,P7kS2qmv24u6DHt3T4KoKJ6+3pJpWEoMKQZVPpaRlmo=,c0oPTcw=
210,0,Mr.,Josh,NULL,Barnhill,NULL,Gasless Cycle Shop,adventure-worksgarrett1,josh0@adventure-works.com,584-555-0192,bskaXdzyt3OUpHetBO/IcD+SDhG5EyMDjtlYBlgd5JM=,m3KdhOo=
214,0,Ms.,Jennifer,J.,Maxham,NULL,Exclusive Bicycle Mart,adventure-worksjae0,jennifer1@adventure-works.com,1 (11) 500 555-0175,7Rt3EiYjLXevQHTKMCMAavZEDngeIlBpAJZwplBW0G0=,M6OjY4Y=
217,0,Mr.,Chris,NULL,Maxwell,NULL,City Manufacturing,adventure-workspamela0,chris6@adventure-works.com,642-555-0187,ixajZho2s3ev/ogNQ9FUe1TyfA9yX1aEVWDOy/mdUAU=,k3iiros=
218,0,Mr.,David,NULL,Johnson,NULL,Sure & Reliable Sporting Goods,adventure-worksdavid8,david18@adventure-works.com,476-555-0139,tw+fIchafvuaOuwyEXmlXbPr9Vt3EILylHlmwfm6Gig=,0fgKxF4=
219,0,Mr.,Brian,NULL,Johnson,NULL,Extras Sporting Goods,adventure-worksjillian0,brian6@adventure-works.com,320-555-0134,TGnRB6vDbV0LZss8tA9iu637/34mcJWkD0Ux4xaza/k=,2t9hMlk=
220,0,Mr.,Robert,NULL,Brown,NULL,Best o' Bikes,adventure-worksjillian0,robert5@adventure-works.com,575-555-0189,WdS3xcgtqW4nnV7dyZ17PmiMPZ5vKs5whm3ANBVQ1sQ=,mQK+bIw=
221,0,Ms.,Sandra,B.,Maynard,NULL,Bike Dealers Association,adventure-worksshu0,sandra4@adventure-works.com,993-555-0179,iPjYe483dSgp0POtxsJVNCcegR3PdCK33L1Elr6F14w=,CqQEYuw=
222,0,Mr.,Barry,NULL,Johnson,NULL,Sample Bike Store,adventure-workslinda3,barry1@adventure-works.com,858-555-0140,lepgCpcuzDRNfqPaAgUacRzPVGGXHwiRm7wwJ4cNgBs=,lkPNcdI=
223,0,Ms.,Joyce,NULL,Jarvis,NULL,Paints and Solvents Company,adventure-worksshu0,joyce0@adventure-works.com,458-555-0179,HdGP+FhhGf8dYBcwT4pIsPs6mdixGxg1UVN0kMtW2Jk=,XdEyqf4=
226,0,Ms.,Vance,P.,Johns,NULL,Leisure Activities,adventure-worksjose1,vance0@adventure-works.com,103-555-0151,SjhcbJpcpaWw4QjUCmjWLcY825LVBVxAVlKUVRGVC/0=,Tb+oJnk=
227,0,Ms.,Robin,M.,McGuigan,NULL,"Health Spa, Limited",adventure-worksjose1,robin0@adventure-works.com,431-555-0153,fLh6z9dFddA6FLXlQVHhI5C9QbgD7gDHv63wFwwLzx8=,OtAJEtc=
228,0,Ms.,Danielle,B.,Johnson,NULL,Home Town Bike Store,adventure-worksgarrett1,danielle1@adventure-works.com,356-555-0190,b0w+/GVSsenvVoXksIyrBh+BGRKEIsId9aOsMDCOZi8=,W1IKTDo=
232,0,Mr.,David,NULL,Jaffe,NULL,Exceptional Cycle Services,adventure-worksjae0,david17@adventure-works.com,1 (11) 500 555-0140,FGdnPYTMqac/OnHuvpZH+gBqo30RCSqFL8kFsXLMOlI=,AnSCCJw=
235,0,Ms.,Mary,NULL,Alexander,NULL,Certified Bicycle Supply,adventure-workspamela0,mary7@adventure-works.com,344-555-0133,y0iroPvPC4eEspx+3ldDYTXprGyXnnCpLGd3uXHr/+A=,F1wnUPk=
236,0,Ms.,Lola,M.,McCarthy,NULL,Closeout Boutique,adventure-worksdavid8,lola0@adventure-works.com,173-555-0151,FA9j5YePslFGxxwINV2WNFLdtlbCtTK0YuF06zPc16Q=,ojfzrl4=
237,0,Ms.,Mary,K.,Browning,NULL,Client Discount Store,adventure-worksjillian0,mary5@adventure-works.com,658-555-0146,ChGbWjf0h+VNc991cHR4FwJMGxeHxuYSeKVPflcq7wc=,dt/JUB4=
238,0,Ms.,Jodan,M.,Jacobson,NULL,A Great Bicycle Company,adventure-worksjillian0,jodan0@adventure-works.com,652-555-0189,PSKz4q56IqL3q9GPJjYwAKKz2sFtFqkN9n9dfiu1q+0=,F/sb/Xc=
239,0,Ms.,Jane,A.,McCarty,NULL,Bicycle Merchandise Warehouse,adventure-worksshu0,jane3@adventure-works.com,529-555-0195,ZoY0+khcW5IFNHszZdW3+g5b7xWZLakfBmLzPRGtfpI=,cpPYnNE=
240,0,Mr.,Jessie,E.,Valerio,NULL,Wire Baskets and Parts,adventure-workslinda3,jessie0@adventure-works.com,103-555-0179,9EmEkovAOZzHdTYAXrsu3h3xgAvhMbHSs9Q8N+/CWao=,mgl/qso=
241,0,Mr.,Eric,A.,Jacobsen,NULL,Vale Riding Supplies,adventure-worksshu0,eric5@adventure-works.com,703-555-0120,KONBZCeYvjn9uAVeRFeN0CzMQcKJjrofhFrGTXAscDI=,3V8BWNc=
244,0,Mr.,Bronson,R.,Jacobs,NULL,Retail Discount Store,adventure-worksjose1,bronson0@adventure-works.com,697-555-0131,qD4cGE0DTDO7V/k6mu0nvfAt3rfbx4PQyYjp43hn+ik=,rLOroU0=
245,0,Mr.,James,L.,McCoy,II,Leather Seat Factory,adventure-worksjose1,james12@adventure-works.com,191-555-0151,7fCBS9M7J3qJvmN3sgO/fbT2ap3vnYQ/k+fKjaHYP/0=,r9owTtw=
246,0,Ms.,Esther,K.,Valle,NULL,Large Bike Shop,adventure-worksgarrett1,esther0@adventure-works.com,481-555-0131,70nGUIq7rO630L2/dv94XQ4HE2WWDpHISgy2OgtRANo=,HQA1TJE=
250,0,Ms.,Denean,J.,Ison,NULL,Express Bike Services,adventure-worksjae0,denean0@adventure-works.com,1 (11) 500 555-0127,RJeObGR0plv36VFq0yPWZGwFUAeTDIWG4sJppheOSaM=,mZ4Tbi0=
253,0,Mr.,Erik,NULL,Ismert,NULL,Roving Sports,adventure-workspamela0,erik0@adventure-works.com,116-555-0163,qH31PnQBwyUFQKdjw4bJmkw4mcqJUwRlENuk3bHLNx4=,xAk6xGo=
254,0,Mr.,Robert,M.,Bernacchi,NULL,Safe Cycles Shop,adventure-worksdavid8,robert4@adventure-works.com,449-555-0176,uNz2P7Jd7t3y2Neqi3NsRS7m0blEPSm/j3sOdXpJ7aw=,G5Du9Sw=
255,0,Mr.,Sunil,NULL,Uppal,NULL,Swift Cycles,adventure-worksjillian0,sunil0@adventure-works.com,184-555-0187,agm2RVYpEMjc+OpNxGG7gujHre5Wv8c+QcQgm6orG2I=,Yqlwc+g=
256,0,Mr.,Richard,L.,Irwin,NULL,Rental Bikes,adventure-worksjillian0,richard4@adventure-works.com,367-555-0124,h5MoUod8rV39hjm6vrOX+iiVre1Alla8UfBtwIodbOg=,B/Jr1SE=
257,0,Mr.,Matthias,NULL,Berndt,NULL,Number 1 Supply,adventure-worksshu0,matthias1@adventure-works.com,384-555-0169,PGmZaBbqtByrVs9jYLcigdjJ5O29jcKmsdbRwANU3WQ=,6Mzfp8w=
258,0,Mr.,Sairaj,NULL,Uddin,NULL,Quantity Discounts,adventure-workslinda3,sairaj1@adventure-works.com,767-555-0193,S71ozp3yMBzUJk7fj4M8SRU+dElVKuXvieJDpDOvVv8=,iKVyEt4=
259,0,Mr.,Lucio,NULL,Iallo,NULL,Highway Bike Shop,adventure-worksshu0,lucio0@adventure-works.com,199-555-0135,YodKwREGttzzQZXSLkjMe6ipm+9hE2yzBmAYNlj3qKM=,7hC00f0=
262,0,Ms.,Beth,NULL,Inghram,NULL,General Industries,adventure-worksjose1,beth0@adventure-works.com,718-555-0152,F+vY3tSf0ZDAiQakfFA7yxIP0M8ljrI5oYD1F1iZt4w=,H5fjp4Y=
263,0,Mr.,Timothy,B.,Burnett,Jr.,Farthest Bike Store,adventure-worksjose1,timothy0@adventure-works.com,251-555-0172,lYPMOabTmO7waFR155ZAm1jDwBg6VW2xrT6sZ1yxPio=,e8KtQ70=
264,0,Ms.,Phyllis,B.,Tuffield,NULL,Fasteners & Bolts Outlet,adventure-worksgarrett1,phyllis3@adventure-works.com,277-555-0182,95PLNarmtKePNK2WYvZZ8U/arYSs9EJoBoh2P7GHCCs=,MLAW5PQ=
268,0,Mr.,Richard,A.,Byham,NULL,Channel Outlet,adventure-worksjae0,richard2@adventure-works.com,1 (11) 500 555-0138,adQ3TmZB28FhQvF2FntW1RInx5S+aOSvwpURQDLarr8=,KoBtEoU=
271,0,Mr.,Jared,L.,Bustamante,NULL,Alternative Vehicles,adventure-workspamela0,jared0@adventure-works.com,164-555-0147,HpDMv2bnK4/qDUMQn8+csux9vDdycGo7vFyJ5y4Vh/Q=,NbybY4k=
272,0,Mr.,Henry,L.,Campen,NULL,Metro Cycle Shop,adventure-worksdavid8,henry0@adventure-works.com,635-555-0126,sk3ylc8GdTAWxH2DM4cy8rLkoHXK7tIeMWUl3VNm+Bk=,2NEGr8A=
273,0,Ms.,Christie,J.,Trujillo,NULL,A Typical Bike Shop,adventure-worksjillian0,christie0@adventure-works.com,686-555-0180,VWZMnmAlCwxvJOjzebXyjCeFgHg6VcKqDb6g/BJXULc=,/tv9aHA=
274,0,Ms.,Janet,J.,Gilliat,NULL,Active Systems,adventure-worksjillian0,janet2@adventure-works.com,521-555-0183,TYrGU6N0naplzEIsTHgR53UnASh8dXOYxTYOdOrI6Fo=,k1FFTeE=
275,0,Mr.,Chris,NULL,Cannon,NULL,Outdoor Sporting Goods,adventure-worksshu0,chris5@adventure-works.com,118-555-0131,RKimtgGoqQN8dj2KGy7mvo2DrpTK0yOpF9e6sgxyOTU=,LQWSses=
276,0,Mr.,Michael John,R.,Troyer,NULL,Thrifty Parts and Sales,adventure-workslinda3,michaeljohn0@adventure-works.com,308-555-0175,Gdklarx2tW1EtZEyrAUEIhhguzrFKVS4Bh3BdAsGngk=,HUE+JKI=
277,0,Mr.,Guy,NULL,Gilbert,NULL,The Bicycle Accessories Company,adventure-worksshu0,guy0@adventure-works.com,583-555-0198,YMhZzdS3NtxXPsz/PPksfdYWIvhuoemim9KoDsx20cg=,rQoQs38=
280,0,Mr.,Frances,J.,Giglio,NULL,Standard Bikes,adventure-worksjose1,frances1@adventure-works.com,692-555-0136,Vf9lyf+xKSbSXq9yAcMEF9niZm29wvPV9e9dU9sYQVc=,6ansEQA=
281,0,Ms.,Suzana De Abreu,A.,Canuto,NULL,Petroleum Products Distributors,adventure-worksjose1,suzanadeabreu0@adventure-works.com,990-555-0141,aQhg/A43Nq3pqIBjcyPBvjQ7qXHAckVwm6FjAZCx0nc=,RpQyjlA=
282,0,Mr.,Billy,J.,Trent,NULL,Quick Parts and Service,adventure-worksgarrett1,billy0@adventure-works.com,882-555-0115,tSfXgpVAnQ6TL8XxnK0PMKR2Ngn49a0253VcVtcV6QQ=,V1n+9SQ=
286,0,Mr.,Leo,NULL,Giakoumakis,NULL,Number One Bike Co.,adventure-worksjae0,leo0@adventure-works.com,1 (11) 500 555-0169,x78xcW0FvKo3V2RvMGf37bcWhb50vMZ22IuaZcu+qmM=,abrUsFg=
287,0,Mr.,Grant,NULL,Culbertson,NULL,Handy Bike Services,adventure-worksmichael9,grant1@adventure-works.com,859-555-0173,nkkvhNgGMBN5JS2w3ewyvV4KCwrTMYC4+yoS/4hIUok=,fqDHYeo=
288,0,Mr.,Robert,L.,Barker,NULL,Kickstand Sellers,adventure-worksmichael9,robert3@adventure-works.com,241-555-0112,q8JpThg+EEoLRrvqBMW+Wa0RbFcCIfVIzYcGGELEOdk=,cdUS/K4=
289,0,Ms.,Gabriel,L.,Bockenkamp,NULL,Moderately-Priced Bikes Store,adventure-workspamela0,gabriel0@adventure-works.com,763-555-0145,hW0+tFeNNdvPsnKDuHc6OmH0bCdD2kCfpU6qVvIjdPs=,fjVy+G4=
290,0,Mr.,Scott,NULL,Culp,NULL,Friendly Bike Shop,adventure-worksdavid8,scott3@adventure-works.com,119-555-0167,Xf7AJHcry+LouddJR3dIGHjo8du8EO+214E81gPafj0=,rXx8clQ=
291,0,Mr.,Wayne,N.,Banack,NULL,Grand Bicycle Stores,adventure-worksjillian0,wayne0@adventure-works.com,640-555-0189,W6e3zjP9/VTWIVDfWOJ7/sdwfvSP0qPkcRJ1pTa249I=,mv8CSkM=
292,0,Mr.,Michael,Greg,Blythe,NULL,Grease and Oil Products Company,adventure-worksjillian0,michael11@adventure-works.com,126-555-0172,5QCj8NIegcVaNIwAHhbulqzIKzgsgpVptbr8vMjvY9Q=,8L4g3I4=
293,0,Mr.,Conor,NULL,Cunningham,NULL,Fashionable Bikes and Accessories,adventure-worksshu0,conor0@adventure-works.com,115-555-0113,/yVQQacXlcqZVH6x20kKCxCJ+sP4EjmPQXwwwInfNH0=,vJ/AcXo=
294,0,Mr.,Alberto,F.,Baltazar,NULL,Flawless Bike Shop,adventure-workslinda3,alberto0@adventure-works.com,780-555-0114,7Pu+s7FYZ9ERNs/++8Bd+aj1rUALff6EuUnG0Xi+5f8=,L1e3Y34=
295,0,Mr.,Joseph,P.,Mitzner,Jr.,Engineered Bike Systems,adventure-worksshu0,joseph4@adventure-works.com,129-555-0164,7obarvC3BHLIE/oFo0n+bkB/EZ03Zc8Vu+F2jpK/CNM=,k6zgROU=
298,0,Mr.,Robert,NULL,Mitosinka,NULL,City Cycling,adventure-worksjose1,robert10@adventure-works.com,239-555-0198,vCVsOjGm0KyeirgUeD9DQYxoh13CXTJAA03IytWGrhs=,mQH+E8w=
299,0,Mr.,Thierry,NULL,D'Hers,NULL,Citywide Service and Repair,adventure-worksjose1,thierry1@adventure-works.com,680-555-0192,i+ukExAQLOnEpQFQLme/QYR8w6kME+/MdykXoSxwgFI=,FooiQMs=
300,0,Mr.,Daniel,NULL,Blanco,NULL,Nice Bikes,adventure-worksgarrett1,daniel0@adventure-works.com,221-555-0167,bnDkCXU7YCA05COiVJst0pMlaJtfAK0H8pgniBfLooM=,oOIbGSo=
304,0,Ms.,Linda,NULL,Mitchell,NULL,Essential Bike Works,adventure-worksjae0,linda9@adventure-works.com,1 (11) 500 555-0182,LJhS2DW9IscOBidp+dn6JWOa8axqqpEw2XIUiUMRKVM=,hrRF3s4=
306,0,Mr.,Stephen,M.,Ayers,NULL,Work and Play Association,adventure-worksmichael9,stephen1@adventure-works.com,818-555-0171,m79YsPy3BDp4/SUQsvNcbTQuyZxUGV9TuBeHcAHjZCk=,F0hRcQ8=
307,0,Ms.,Neva,M.,Mitchell,NULL,Riding Associates,adventure-workspamela0,neva0@adventure-works.com,992-555-0134,xUl8Ag905RQfEG81+mYFO378kfiUUFE0TsYSJ1+rU9I=,ru6E/qg=
308,0,Ms.,Megan,N.,Davis,NULL,Rugged Bikes,adventure-worksdavid8,megan1@adventure-works.com,839-555-0198,G6BHmDa5WKyDUTzHeOszC8XHrN8wPjUM76UTZb39tWc=,BNNUWH4=
309,0,Mr.,John,NULL,Arthur,NULL,The Gear Store,adventure-worksjillian0,john6@adventure-works.com,149-555-0113,AJwPH2IQhCHW77xtUnJh0G0EXqA11PsPLRRuSQK+K9U=,ZXH0EUg=
310,0,Mr.,Frank,NULL,Miller,NULL,Orange Bicycle Company,adventure-worksjillian0,frank6@adventure-works.com,118-555-0184,h7ho5pw1ypORUO13IMzogsDDW1C9bUTmGWsz06Xax8E=,n/q5ims=
311,0,Sr.,Alvaro,NULL,De Matos Miranda Filho,NULL,Principal Bike Company,adventure-worksshu0,alvaro0@adventure-works.com,551-555-0155,BrhebOErAX2tbZ1LZxAb8hwE96ZdIjikETxIsIKfpLw=,v5pJpw0=
312,0,Mr.,Thomas,B.,Armstrong,Jr.,Resale Services,adventure-workslinda3,thomas1@adventure-works.com,226-555-0146,8ml/xroz0hroeUDl/KW2y2QlIIgHgygotLw0Md60cBY=,hXYQBis=
313,0,Mr.,Dylan,NULL,Miller,NULL,Metropolitan Manufacturing,adventure-worksshu0,dylan1@adventure-works.com,140-555-0192,kE/AZF2xtlVStSAI51sBwnA1CENgrWppF3qD5KxBdVE=,q1lJvKo=
316,0,Mr.,Ben,NULL,Miller,NULL,Low Price Cycles,adventure-worksjose1,ben1@adventure-works.com,207-555-0167,d8+17xmtxYv0ovo+dfdJCIe7zpoChbE+X4f+gQrPU3A=,6CMCzUQ=
317,0,Mr.,Jacob,N.,Dean,NULL,Finer Riding Supplies,adventure-worksjose1,jacob0@adventure-works.com,767-555-0151,afWrNdx+a97zBy+NoV2h3JgMyfVCLmD1FMz7OiwtBRQ=,KVVlFXY=
318,0,Ms.,Ann,NULL,Beebe,NULL,First-Rate Outlet,adventure-worksgarrett1,ann0@adventure-works.com,277-555-0169,l3pyVEyTaWqsF1xRfSXtR2CgCOfOXQCSumdlzqMKLxQ=,BX3pcB8=
322,0,Mr.,Matthew,J.,Miller,NULL,Tachometers and Accessories,adventure-worksjae0,matthew5@adventure-works.com,1 (11) 500 555-0176,/hDOTbr9X/E4UE8H6wjOGHYZ6Gb8GDpmutPWgFTXQnc=,eiCRDs8=
323,0,Mr.,Jo,NULL,Brown,NULL,Metro Bike Works,adventure-worksmichael9,jo2@adventure-works.com,689-555-0130,KZaaqy2YCpxZaXM7rzYJyuNkw9w+wWoUaL5P6Jdyzpk=,T2lZOPo=
325,0,Ms.,Virginia,L.,Miller,NULL,All Cycle Shop,adventure-workspamela0,virginia0@adventure-works.com,918-555-0127,2LMYXdm0nvmWcT+Md+NaYmfIPgdmP0R2PiRoynq7WCk=,GNkVrfA=
326,0,Mr.,Scott,NULL,Gode,NULL,Year-Round Sports,adventure-worksdavid8,scott4@adventure-works.com,164-555-0145,GkzDDuB6pTaET7MyM3Kpgh+sP0JyO6EvZnbS4ep3kEg=,3CEircg=
327,0,Ms.,Caroline,A.,Vicknair,NULL,World of Bikes,adventure-worksjillian0,caroline0@adventure-works.com,695-555-0158,U1/CrPqSzwLTtwgBehfpIl7f1LHSFpZw1qnG1sMzFjo=,QhHP+y8=
328,0,Mr.,Robert,R.,Vessa,NULL,Totes & Baskets Company,adventure-worksjillian0,robert13@adventure-works.com,560-555-0171,UWGC2U8F7AUNA2FuiT4agrBoxAFskHGQSxqP39B7zLQ=,iES3IZA=
329,0,NULL,Andreas,NULL,Berglund,NULL,"Unicycles, Bicycles, and Tricycles",adventure-worksshu0,andreas1@adventure-works.com,795-555-0116,dGlOTb4tIwZCoQftB0K+7CHFl/ty6hYYq/X/T1Dq6k4=,9ak86/4=
330,0,Mr.,Mete,NULL,Goktepe,NULL,The New Bike Store,adventure-workslinda3,mete0@adventure-works.com,637-555-0120,cIKsu790VaU1891IzLoO2agtT2vvaOXkL3puAV90Zro=,7erbA0k=
331,0,Ms.,Wanda,F.,Vernon,NULL,Technical Parts Manufacturing,adventure-worksshu0,wanda0@adventure-works.com,433-555-0168,hNQpZV8787KyeDWfllnZWzY+l8DFEYTnwoZZzYtusi0=,HDCU1Bk=
334,0,Ms.,Dora,P.,Verdad,NULL,Retreat Inn,adventure-worksjose1,dora0@adventure-works.com,155-555-0140,RgzxIE8hSY/z6iJnmDYMZWdJTQBRaWKI7UaZhAPhPxY=,jYD20wc=
335,0,Mr.,John,M.,Berger,Jr.,Scratch-Resistant Finishes Company,adventure-worksjose1,john10@adventure-works.com,156-555-0111,0J6cl9Zhm+g4rbqJrvyshZWF72arbVNptT27ZL2QTMc=,2Ugh6Q4=
336,0,Mr.,Brian,R,Goldstein,NULL,Primary Bike Distributors,adventure-worksgarrett1,brian4@adventure-works.com,495-555-0161,Pe7m3z2RtNe4D8mkkCKh3/WPMsONB78YR1Kip5zJwzs=,x4UseEA=
340,0,Mr.,Raja,D.,Venugopal,NULL,Nearby Cycle Shop,adventure-worksjae0,raja0@adventure-works.com,1 (11) 500 555-0195,lx5a4+AFGzH6mzjz6hpiR9scxbYGX8OcqFpv/cI6yFs=,hSwmBWk=
343,0,Ms.,Patricia,M.,Vasquez,NULL,Mail-Order Outlet,adventure-workspamela0,patricia2@adventure-works.com,490-555-0132,v0bxLRLRKYxwN8fiORyJkpXaYZpCRhgfNNkwQnylFrE=,WTZFkow=
344,0,Ms.,Karren,K.,Burkhardt,NULL,Fifth Bike Store,adventure-worksdavid8,karren0@adventure-works.com,652-555-0132,ho3bUU87fZAlity/45XvFPVE/DgEaLKvI+ZW1e56rnA=,x1JqF8M=
345,0,Ms.,Abigail,J.,Gonzalez,NULL,Genial Bike Associates,adventure-worksjillian0,abigail0@adventure-works.com,121-555-0139,h5QUx4zv/ilF+lJ6Pgsyd5OP92KaOJDXklOB6qbWskk=,kAdG4pM=
346,0,Mr.,Ranjit,Rudra,Varkey Chudukatil,NULL,Great Bicycle Supply,adventure-worksjillian0,ranjit1@adventure-works.com,810-555-0160,VTpXtJAiSxeJraHh5mkwwAsGYMllZYzsOBpb2cu8rrQ=,FNe76Vk=
347,0,Ms.,Ingrid,K.,Burkhardt,NULL,Bike Universe,adventure-worksshu0,ingrid0@adventure-works.com,857-555-0187,cvCHW2+xxa0C0SWtoYyn83PAIn6qI39SbK+kOK+gUGI=,6QL/f9s=
348,0,Mr.,Oscar,L.,Alpuerto,NULL,Bold Bike Accessories,adventure-workslinda3,oscar0@adventure-works.com,855-555-0174,P1Osji8Ez9uYQCzuZXjnutazXvhAlWDRLjCcTcJb/Ug=,CGYtmQ4=
349,0,Mr.,Gary,T,Vargas,NULL,Exercise Center,adventure-worksshu0,gary6@adventure-works.com,112-555-0176,WH8bTbYkazE9T0ktiZYIAYDdJXsvjr2zbLiT3gxR6zk=,Zkv5OCw=
352,0,Mr.,Shane,S.,Kim,NULL,Twelfth Bike Store,adventure-worksjose1,shane2@adventure-works.com,155-555-0149,XRbPUzkzKesTrEzvftw5uMTagaFkYgTZJJlBScNp0hc=,4YXPsTU=
353,0,Ms.,Joan,M.,Campbell,NULL,Two-Wheeled Transit Company,adventure-worksjose1,joan0@adventure-works.com,700-555-0155,hKb4COq5+4SAW8APMfmPmILk4cdhwtpjpD7Yx8xcx9U=,eVaIdvY=
354,0,Mr.,Maxwell,J.,Amland,NULL,Serious Cycles,adventure-worksgarrett1,maxwell0@adventure-works.com,614-555-0134,8/5CuOyL4qEu4tD2KEd4x1h5OahPfcmZg9L7+F0ATDI=,qoGU2YA=
358,0,Mr.,Joe,NULL,Kim,NULL,Mail Market,adventure-worksjae0,joe1@adventure-works.com,1 (11) 500 555-0144,/1zuZO01NBBN+zaoVVHAp+srLdfFp0nBmPrSBGPulOc=,jMsXQbs=
360,0,Ms.,Ramona,J.,Antrim,NULL,Novelty Bikes,adventure-worksmichael9,ramona0@adventure-works.com,327-555-0148,CkSWR0RMQArXpZJnpZgCnzSPuw3PUh/1jTmWPcrjYyM=,7xa5oqo=
361,0,Ms.,Karan,NULL,Khanna,NULL,Fitness Supplies,adventure-workspamela0,karan1@adventure-works.com,390-555-0150,KQnTVrF88pDtzAwfV+7dDpsvf4FFaBRltsryZggImmI=,jZhDom8=
362,0,Ms.,Sharon,A.,Crow,NULL,Grand Cycle Store,adventure-worksdavid8,sharon1@adventure-works.com,889-555-0176,u9lXZ1SCNDVCKj0H19LBkxxmWQr7JPXmZP2LU5LZIec=,xUz/uts=
363,0,Mr.,Chris,NULL,Ashton,NULL,Immense Manufacturing Company,adventure-worksjillian0,chris3@adventure-works.com,556-555-0145,wGKQ72A4aSsDe2tQKUY1T1o0i/AO69PqKcMSFIponoQ=,3VRtZxg=
364,0,Mr.,Imtiaz,NULL,Khan,NULL,District Mall,adventure-worksjillian0,imtiaz0@adventure-works.com,249-555-0179,NiUsCVv2EYAYfE2mK4VPPDgV7BXgOR4eQ4yVOvsOG1A=,Cdwoi3o=
365,0,Mr.,Jack,NULL,Creasey,NULL,Distinctive Store,adventure-worksshu0,jack2@adventure-works.com,539-555-0182,ao0Wb4hq67DVVcZYX2vO/mOgiZoTtJMBJzi4/wt8mrE=,7wlaV4Y=
366,0,Ms.,Teresa,NULL,Atkinson,NULL,Extended Bike Sales,adventure-workslinda3,teresa0@adventure-works.com,129-555-0110,t+VbX7JvYz3GISo+HPpubYQr00RQKJLNqOx1dQdMKCc=,bwG1Wck=
367,0,Ms.,Tammy,J.,Khan,NULL,Brown Bicycle Company,adventure-worksshu0,tammy0@adventure-works.com,145-555-0166,NTtGPrBoJXekEg2D/ryHHVYGX/fuL0VeSrhQjzykBiQ=,3D0YsUM=
370,0,Ms.,Elizabeth,NULL,Keyser,NULL,Acceptable Sales & Service,adventure-worksjose1,elizabeth2@adventure-works.com,656-555-0173,gD2lOrxAy3p4xvTGUYnECk5ROZd03OslvHCY+XDxQwI=,/P0XMaQ=
371,0,Mr.,Bruno,NULL,Costa Da Silva,NULL,Custom Sales and Service,adventure-worksjose1,bruno0@adventure-works.com,140-555-0143,iaQDSUY3hGgPoKQBMqMHb4jSlVLSNnjgd2j2jsX9rJs=,MY+7QbE=
372,0,Ms.,Katherine,K.,Swan,NULL,Top Bike Market,adventure-worksgarrett1,katherine1@adventure-works.com,421-555-0192,KP0aM3OevdwcZrEJTRWtCuCiSKfiPhktKN5FqHTnYhM=,yv8Jhf8=
376,0,Ms.,Mary,R.,Kesslep,NULL,Commerce Bicycle Specialists,adventure-worksjae0,mary8@adventure-works.com,1 (11) 500 555-0146,7OO7XsLMZcOhwoxw8KRfz/SjxQ3qCIVQqjRMtpyV/EY=,J1cVbE8=
377,0,Mr.,Marlin,M.,Coriell,NULL,Grand Sport Boutique,adventure-worksmichael9,marlin0@adventure-works.com,941-555-0155,mWVOfXPZkIFZzQA0Ilekhl49LfhS31vdOtYEmBKSIkk=,FSkdXTM=
379,0,Mr.,Kevin,NULL,Kennedy,NULL,Fad Outlet,adventure-workspamela0,kevin4@adventure-works.com,275-555-0179,FI+QpFgzPmmfZMk6bavb0AtoPMvD4CZ/+wGuwYgso3g=,B+59kWs=
380,0,Ms.,Eva,NULL,Corets,NULL,First Department Stores,adventure-worksdavid8,eva0@adventure-works.com,542-555-0164,vcqabvDo1Fnle8WElVwwEwNwCGZKfSJvDCUVyps/SuQ=,gF7bPbY=
381,0,Ms.,Julie,NULL,Taft-Rider,NULL,Bicycle Lines Distributors,adventure-worksjillian0,julie1@adventure-works.com,145-555-0194,BQF73YAE2cFDpeWDP0v7uA0/ZGhGgw1xxiMQqe74r7I=,6ZebGOE=
382,0,Mr.,Robert,NULL,Kelly,NULL,Beneficial Exercises and Activities,adventure-worksjillian0,robert7@adventure-works.com,510-555-0123,JM8Jl1msELWEL8AlgkQ/cej3rlO0TFq13PfmQ/bHakM=,OLqP9tg=
383,0,Mr.,Scott,NULL,Cooper,NULL,Vehicle Shop,adventure-worksshu0,scott2@adventure-works.com,773-555-0182,BEePqLIHwU7zsFCJQcHQ8OGm8nkvUlj8YPFAT/teYOc=,+v0uddA=
384,0,Mr.,Clarence,R.,Tatman,NULL,Sparkling Paint and Finishes,adventure-workslinda3,clarence0@adventure-works.com,787-555-0128,266JCMNzG3Y2YOZOElwlwmjuO9HTi1S0zbkD7zdQ03g=,kCUx/bc=
385,0,Mr.,John,NULL,Kelly,NULL,Sturdy Toys,adventure-worksshu0,john22@adventure-works.com,330-555-0116,tYV64ygQjda9WaWGc8CfVwqOiTHscX15aCHq9OPvjkw=,a2bt7rI=
388,0,Mr.,Victor,A.,Kelley,NULL,Road Way Sales and Rental,adventure-worksjose1,victor0@adventure-works.com,112-555-0195,Mm7GafEB1oHJXept9uxIAGnsc2jKRzr0UgDRANPqAsI=,j/3FTKs=
389,0,Ms.,Dorothy,J.,Contreras,NULL,Sixth Bike Store,adventure-worksjose1,dorothy0@adventure-works.com,428-555-0176,NEJS/vq9oswLdLNa4VH0fbwb+fgxDYIHg2hPP1fn7t4=,lnEeim8=
390,0,Mr.,Mike,M.,Taylor,NULL,Plastic Parts Company,adventure-worksgarrett1,mike6@adventure-works.com,204-555-0189,3/sdWTV1ScxayLuSf0nc6Wbyci2VcabsIBhV/KlQyZ0=,abgBRtE=
394,0,Ms.,Bonnie,NULL,Kearney,NULL,Little Sports Center,adventure-worksjae0,bonnie1@adventure-works.com,1 (11) 500 555-0116,UUjDa8Zdc4Zz63sgzUXpnW3zOJwJZoBuQjoNvF2FVs0=,SNjG3l0=
395,0,Ms.,June,B.,Brunner,NULL,Online Bike Sellers,adventure-worksmichael9,june0@adventure-works.com,249-555-0172,V74x3qYKzA71fWSI3y7gFD552b65vQ+acGzI6wdBsQ4=,hY2Xf6o=
397,0,Mr.,Sandeep,NULL,Katyal,NULL,Capable Sales and Service,adventure-workspamela0,sandeep2@adventure-works.com,928-555-0117,EAI1ECvxzm9o9MbS8sPVK9QqTkerK/+KO5Wt6escxwY=,7xO2UQE=
398,0,Ms.,Shirley,R.,Bruner,NULL,Commendable Bikes,adventure-worksdavid8,shirley0@adventure-works.com,383-555-0155,haGTwCpR1pahJRX/490ASvk+bkWOZv828Z8Krd0XO50=,Jmtgb40=
399,0,Mr.,Chad,J.,Tedford,NULL,Big Cycle Mall,adventure-worksjillian0,chad1@adventure-works.com,588-555-0128,SnOacRNEqi3s4ywOGFR5MLNghukZ/0bEg9u6LbvzOOE=,+apUSQU=
400,0,Mr.,Peter,NULL,Houston,NULL,Local Sales and Rental,adventure-worksjillian0,peter3@adventure-works.com,632-555-0171,NmON5fxy8YJbaxIrc6lSHicKQ9t/hBGfB1lwcWOr+xc=,Q5WaAeA=
401,0,Mr.,Tom,H,Johnston,NULL,Brightwork Company,adventure-worksshu0,tom1@adventure-works.com,883-555-0177,WonAzK7XRDoFn66D6qVMzma60dA96LHtk2lz7a28mI4=,0lp7vWg=
402,0,Ms.,Marian,M.,Berch,NULL,Pro Sporting Goods,adventure-workslinda3,marian0@adventure-works.com,640-555-0198,xvClDu5JJr01TcnxmN1vuMKxvRmlPKIxxZHZVEPs8bk=,5qLSJhI=
403,0,Ms.,Juanita,J.,Holman,NULL,Affordable Sports Equipment,adventure-worksshu0,juanita0@adventure-works.com,996-555-0196,aJNRDB5SUe0Z3cvfmFqrv/H8fOL9ZoIJhk2iqtM/244=,RvrCF5g=
406,0,Mr.,Eddie,M.,Holmes,NULL,The Commissary,adventure-worksjose1,eddie0@adventure-works.com,570-555-0199,ClF4Z2L4qQo1wgDJduU5/gxrvxuwBxlzP75SHI50bGM=,S111y4k=
407,0,Mr.,Robert,A.,Avalos,NULL,Workout Emporium,adventure-worksjose1,robert2@adventure-works.com,665-555-0198,V09BZHvbhAXD4fluXDexe9/89mGNsFPrGa/5NMiJBRU=,3lDpoDs=
408,0,Mr.,Alexander,J.,Berger,II,Odometers and Accessories Company,adventure-worksgarrett1,alexander0@adventure-works.com,519-555-0151,xGCe2CsXuZvX8e6v4sTb/+XoU+4gWDQEnJADwhDsrhg=,ns1gQU4=
412,0,Ms.,Jean,J.,Holloway,NULL,Leisure Clearing House,adventure-worksjae0,jean2@adventure-works.com,1 (11) 500 555-0181,Hx2n4MFm10Hr0PL/j104QJK1WuHogx9N0H2U16PqpeM=,v8LsuAE=
415,0,Mr.,Greg,NULL,Chapman,NULL,Imaginary Toys,adventure-workspamela0,greg1@adventure-works.com,708-555-0169,O4klT8SXfYnT7o3qMpvaJ2lqs00qG6/UsfyahQihxFU=,Ze2j4rQ=
416,0,Ms.,Angela,NULL,Barbariol,NULL,Impromptu Trips,adventure-worksdavid8,angela1@adventure-works.com,134-555-0182,dT+8gAkuDqXAvfiIcTsiHoTPkfgs4bJuTILNGQjjc0g=,aKMOOAA=
417,0,Ms.,Ruth,A.,Choin,NULL,Genuine Bike Shop,adventure-worksjillian0,ruth1@adventure-works.com,273-555-0181,ZJ2widMDceVmN30pfgwzpo2Z53AGVrr2LIlFccG4KEc=,BuagBic=
418,0,Mr.,Lee,J.,Chapla,NULL,Good Bike Shop,adventure-worksjillian0,lee0@adventure-works.com,223-555-0184,yRB9ce1nhQby11wW4ZjaqdAHLcagnHeelEySfrDOivk=,af0s25U=
419,0,Mr.,Darrell,M.,Banks,NULL,Exertion Activities Club,adventure-worksshu0,darrell0@adventure-works.com,816-555-0118,GVYXCGfsj47VsZUEhhRmXnl3+57f28vVF3wGHfli7oU=,p9JC+Qs=
420,0,Mr.,Anthony,NULL,Chor,NULL,Extreme Riding Supplies,adventure-workslinda3,anthony0@adventure-works.com,429-555-0145,8C7859RNaDWPJkDaaxgaJaZPSf7ikFyFa//RYOz0aPo=,tAAs8Fk=
421,0,Mr.,Forrest,J.,Chandler,NULL,Fitness Cycling,adventure-worksshu0,forrest0@adventure-works.com,448-555-0179,QHqQuKTbipj1cJzbCkCMH+zQGE09jtToYi9uy0cv77E=,KOGA0IE=
424,0,Mr.,Eli,NULL,Bowen,NULL,Bikes for Two,adventure-worksjose1,eli0@adventure-works.com,371-555-0143,lQBr+SJMfQdHmj/GHgx+x1PKMKtwLGbiInwVTo+4Qfo=,7P8PxcQ=
425,0,Mr.,Stephen,Yuan,Jiang,NULL,Bikes for Kids and Adults,adventure-worksjose1,stephen3@adventure-works.com,910-555-0116,SqD2biQr39fo9zJnjNrYH0b9Ww+jQyq4h+t6vSz0/4M=,8fDglPw=
426,0,Mr.,Dirk,J.,Bruno,NULL,Custom Accessories Company,adventure-worksgarrett1,dirk0@adventure-works.com,817-555-0114,XaEqG3bH0NhFTn8IBCk4SidcF444Tnvqqr5UjGUiN7E=,DblcZuo=
430,0,Sr.,Gustavo,NULL,Camargo,NULL,Uttermost Bike Shop,adventure-worksjae0,gustavo1@adventure-works.com,1 (11) 500 555-0118,+hCthjbuE+VctSZXuurfmfusjXPrneMHQFQLVjTsnuE=,fS7eEaQ=
431,0,Mr.,Douglas,A.,Baldwin,Jr.,Small Cycle Store,adventure-worksmichael9,douglas1@adventure-works.com,583-555-0130,9lHdXDAUHUKcA9bEprsps9C8mGNyVVPQ36yJe1BxrWw=,TmbNGeI=
433,0,Ms.,Lindsey,R.,Camacho,NULL,Thorough Parts and Repair Services,adventure-workspamela0,lindsey0@adventure-works.com,827-555-0143,6puEloqDRSg8AhINyUQ7qORZUS5CON8jUaFikiprWVo=,bhH3VWU=
434,0,Mr.,James,B.,Bailey,Jr.,Road-Way Mart,adventure-worksdavid8,james3@adventure-works.com,234-555-0112,ZRFnYyY0jR0KxF7thOVIbZAFk+RsH+WO0kvZDRTup2Y=,4TnK5Fo=
435,0,Ms.,Carol,B.,Elliott,NULL,Satin Finish Company,adventure-worksjillian0,carol2@adventure-works.com,847-555-0151,TIOaZdFb/aFk03gncvEijaflLdTkxJfJnFJXXZdBDds=,PavVqD4=
436,0,Ms.,Barbara,J.,Calone,NULL,Sheet Metal Manufacturing,adventure-worksjillian0,barbara2@adventure-works.com,145-555-0152,W+klFtJ6V2H2UQK1pJdYy2MEbai2eYSHD0QGx02rFw8=,8iuXJ0k=
437,0,Ms.,Megan,E.,Burke,NULL,Professional Cycle Store,adventure-worksshu0,megan0@adventure-works.com,148-555-0149,/96oQfFuq06DWi8P5TZqIU/tF2E/GKRMliIjGRWKRDE=,9P3dKrM=
438,0,Mr.,Cory,K.,Booth,NULL,Remarkable Bike Store,adventure-workslinda3,cory0@adventure-works.com,121-555-0157,OfvFj11NFlpVFhEacTp7Nw+8EqwxHKIv9aJ+2ZgcUMI=,XaJdIYM=
439,0,Ms.,Shannon,P.,Elliott,NULL,Regional Manufacturing,adventure-worksshu0,shannon0@adventure-works.com,425-555-0158,GgQkc8evqVQZvWwqG9L+QxrK0lzeuCIX4JIe535eQ8Y=,2HvuG3I=
442,0,Ms.,Jauna,E.,Elson,NULL,Original Bicycle Supply Company,adventure-worksjose1,jauna0@adventure-works.com,185-555-0190,CkyI2hpILZNVv06ClZJ5hmNstcWHJxU+3sqIAEO7AbM=,bsrg3KE=
443,0,Sra.,Janaina Barreiro Gambaro,NULL,Bueno,NULL,Courteous Bicycle Specialists,adventure-worksjose1,janainabarreirogambaro0@adventure-works.com,476-555-0184,VC5UG8CPRifGAgItWSWIpplMzshRj9HJwWt6KBvEFk0=,aNoO9K0=
444,0,Mr.,Shaun,NULL,Beasley,NULL,Finer Cycle Shop,adventure-worksgarrett1,shaun0@adventure-works.com,396-555-0187,zrx5RFbPSu5mxzlRdxbDIH2wSdDS9S9OvSavFh1QHUA=,XjtM78E=
448,0,Mr.,Terry,NULL,Eminhizer,NULL,Action Bicycle Specialists,adventure-worksjae0,terry1@adventure-works.com,1 (11) 500 555-0176,y8RaWYkfTrcpFEipLXAyKC2pL8AJgQhpW2mOmZ8sqF4=,vx5Ko/Q=
451,0,Mr.,John,NULL,Emory,NULL,Roadway Bike Emporium,adventure-workspamela0,john16@adventure-works.com,691-555-0149,EXyX+Acbgfz6Y4iZ9KNW4TsmchGMdgjtJqmn+Xu2Mws=,/4/gh8A=
452,0,Ms.,Olga,J.,Trau,NULL,A Cycle Shop,adventure-worksdavid8,olga0@adventure-works.com,398-555-0167,PqP7JYEV7uwp4lhZS0eq3xGVazdcCgdpMFK082MmyiE=,4blcnbQ=
453,0,Mr.,Jon,NULL,Ganio,NULL,Unique Bikes,adventure-worksjillian0,jon0@adventure-works.com,672-555-0112,bWjEPINRmvLEbxP7M/s7AJTqpJenlAkq34rNVCEXqpc=,+Yo0P+0=
454,0,Ms.,Gail,NULL,Erickson,NULL,Sleek Bikes,adventure-worksjillian0,gail1@adventure-works.com,834-555-0132,yV4p9H28cp19QO/bcSjLxZFYAs22W5SR9HnmTXUEWkM=,qUowBt4=
455,0,Mr.,James,R.,Tran,NULL,Timely Shipping Service,adventure-worksshu0,james15@adventure-works.com,740-555-0159,a+hmmVFjNsedclcbOwkz48GUza0wrQc51JPBj3JdaBM=,X1REDgI=
456,0,Mr.,Michael,NULL,Galos,NULL,Riding Excursions,adventure-workslinda3,michael15@adventure-works.com,912-555-0149,Wwwn13Huxc1/wSvPmlYH5pXoqz1XUDSzAdavDQcyTKk=,x+UpoXE=
457,0,Mr.,Mark,B,Erickson,NULL,Retail Sporting Equipment,adventure-worksshu0,mark2@adventure-works.com,962-555-0112,pDvvWVr112kWGzoRmRsd4CgPPnyLtAEQGoYHe7Q65PM=,zYqZHNo=
460,0,Ms.,Martha,R.,Espinoza,NULL,Price-Cutter Discount Bikes,adventure-worksjose1,martha0@adventure-works.com,753-555-0179,pGBoWobCmo+yyzVgDnZL5z3fgTKLorCbJuofCkwniGs=,ZFXGiMU=
461,0,Mr.,Glenn,J.,Track,II,Active Life Toys,adventure-worksjose1,glenn0@adventure-works.com,907-555-0170,ZLp7yG5TYPKeQ7F+bE+OAdM4Z6HzU3EWjyk8211nuP8=,Vuzh1IE=
462,0,Mr.,Bob,NULL,Gage,NULL,General Riding Supplies,adventure-worksgarrett1,bob1@adventure-works.com,962-555-0175,SeCchhGjoFaNiCwjURJ30XSE9lKCbSxUL9tDtRrg1FU=,hZbeVTs=
466,0,Sra.,Janeth,NULL,Esteves,NULL,Central Bicycle Specialists,adventure-worksjae0,janeth1@adventure-works.com,1 (11) 500 555-0136,X1Y5qQtF/cCa0JcWV87/0KfmpSje5R9/RdWM+fyB7Go=,+iF/Sqs=
468,0,Mr.,Paul,J.,Fulton,NULL,Blue Bicycle Company,adventure-worksmichael9,paul3@adventure-works.com,492-555-0146,kdhlX1CwoRb+G+IbaNr94q5wH+aDau5he+dsV5sbuXw=,HfBhcWQ=
469,0,Ms.,Twanna,R.,Evans,NULL,Vast Bike Sales and Rental,adventure-workspamela0,twanna0@adventure-works.com,554-555-0124,357SDpcamaYl8SbrrrNR4GmwYLlfdnZvJy645g6uNIw=,5hdHSeE=
470,0,Ms.,Delia,B.,Toone,NULL,Wingtip Toys,adventure-worksdavid8,delia0@adventure-works.com,328-555-0192,UnSgG1XBHKmwMxg5VTpybLrsNrIqNTu91vgwbUeI10o=,k8iQbOY=
471,0,Mr.,John,NULL,Ford,NULL,Social Activities Club,adventure-worksjillian0,john19@adventure-works.com,596-555-0153,Uu7MYSoXZONPT3nnOss6MamCI0JtQpdQ0lHxfbTXg2s=,MFN+Ar8=
472,0,Ms.,Ann,R.,Evans,NULL,Summer Sports Place,adventure-worksjillian0,ann1@adventure-works.com,252-555-0127,DLW2IAbnBTdpl45F2NtNmotuCcasAhlznF/e4eBbffs=,r8MY8Co=
473,0,Ms.,Kay,E.,Krane,NULL,Racing Toys,adventure-worksshu0,kay0@adventure-works.com,731-555-0187,GEdCYauvHekFxYpM0bYn4e0ipp8SY+vTyO9aqudo25Y=,hvfA+Y0=
474,0,Mr.,Mihail,NULL,Frintu,NULL,Retail Cycle Shop,adventure-workslinda3,mihail1@adventure-works.com,777-555-0163,0drckP/Xt0FMU29UWCYFp/wxtTBNd5PxmzaxMM5VKYc=,hxyAApA=
475,0,Mr.,John,NULL,Evans,NULL,Real Sporting Goods,adventure-worksshu0,john17@adventure-works.com,581-555-0172,zI7V47DGDDCr+5PUQzccWY8u8MazpHxzT0wB13+8m50=,Pz84Lbs=
478,0,Ms.,Ruby Sue,R.,Styles,NULL,Major Cycling,adventure-worksjose1,rubysue0@adventure-works.com,512-555-0122,y5SdWw1VGzybXaHVXTc7TQTKtr6N54cV+htK8Ehcr+E=,H8DZOb4=
479,0,Ms.,Lori,NULL,Kane,NULL,General Supplies,adventure-worksjose1,lori2@adventure-works.com,765-555-0141,AI+KoUdA4XQcOZdVLM5fW573x+opUHDHSXxhPuylCL4=,s0Fgpmc=
480,0,Ms.,Susan,E.,French,NULL,General Bike Corporation,adventure-worksgarrett1,susan3@adventure-works.com,994-555-0194,bdpqUxwvIpfkW2ApgaplNkwQ17fOA3rjtmM6B9f2qYE=,MO+/tX0=
484,0,Mr.,Gary,J.,Suess,NULL,Downhill Bicycle Specialists,adventure-worksjae0,gary5@adventure-works.com,1 (11) 500 555-0199,vQKhd203Tno3eBvyJW+nSrZ8E387QlZFJA7DcRyrcoI=,n/cr6qs=
487,0,Ms.,Ruth,J.,Suffin,NULL,Bike Experts,adventure-workspamela0,ruth2@adventure-works.com,924-555-0195,miUYjqbbeA6G0zx3zN+MFegYwr7MIqFBLBIHbcxnRhA=,H30Eu1I=
488,0,Ms.,Margaret,J.,Smith,NULL,Bicycle Accessories and Kits,adventure-worksdavid8,margaret0@adventure-works.com,959-555-0151,3cd7qJyW8ZTgRdwOO9nLYDZg2EM6lehJe/nqKlKKcPY=,i2U3DxA=
489,0,Ms.,Dorothy,J.,Fox,NULL,Cash & Carry Bikes,adventure-worksjillian0,dorothy1@adventure-works.com,191-555-0198,s7Q4rdzaHWhqJHdZ05GB5VHh1eeVXQopPtyTvqSdehM=,GQqIg64=
490,0,Ms.,Elizabeth,J.,Sullivan,NULL,Extraordinary Bike Works,adventure-worksjillian0,elizabeth4@adventure-works.com,306-555-0112,AURzT7TRCKKvm0AKkEPIhSIpt/3cDoZ1UtFixmM/7MU=,t31Ri34=
491,0,Ms.,Frances,B.,Adams,NULL,Area Bike Accessories,adventure-worksshu0,frances0@adventure-works.com,991-555-0183,bmEI+phqLCE2jKmotM8SBAICQD2IvZEmy8X0LmUpMaw=,jA7oD80=
492,0,Mr.,Garth,NULL,Fort,NULL,Basic Sports Equipment,adventure-workslinda3,garth0@adventure-works.com,768-555-0125,M2NMXJ5k9IJ7AKmryPzUhZqIMVsjJHs5P2voDCVEbsc=,sQuHPto=
493,0,Mr.,Michael,NULL,Sullivan,NULL,Valley Bicycle Distributors,adventure-worksshu0,michael24@adventure-works.com,323-555-0113,zeK7weuXbh2aNM2MR5WVlOvwCXgMuHuiecTgufohN+Y=,ic4F61g=
496,0,Ms.,Marcia,J.,Sultan,NULL,Top Sports Supply,adventure-worksjose1,marcia0@adventure-works.com,613-555-0116,1EcI7xrTOArxMpieU6+v/pzf9gN7zS00aKQWROpwyyA=,eFbn7kk=
497,0,Ms.,Amy,E.,Alberts,NULL,Valley Toy Store,adventure-worksjose1,amy1@adventure-works.com,727-555-0115,dNz/EQlgVlbj0uOpI0Y8Rh+/GFUH1HvBLJJ4pqdSDTE=,yvdbcxM=
498,0,Ms.,Kelly,NULL,Focht,NULL,Quick Delivery Service,adventure-worksgarrett1,kelly0@adventure-works.com,272-555-0123,xU8UixWEoFZ9PDzLfFA3AiuIaKPV9Z2ALf/Kbpu51Zo=,E7joL4U=
502,0,Mr.,Krishna,NULL,Sunkammurali,NULL,Metropolitan Bicycle Supply,adventure-worksjae0,krishna1@adventure-works.com,1 (11) 500 555-0177,rKKXHEQ/Zb5Z596gCAMQepmJHLIzJy+BpJaz5GSv31c=,sEZH3m0=
504,0,Ms.,Mae,M.,Black,NULL,Historic Bicycle Sales,adventure-worksmichael9,mae1@adventure-works.com,264-555-0143,qiRmTStKEBxzfmlGc6Ig0CWYVsQnN0PQGgmTEAyux7g=,Zg4TO0Q=
505,0,Mr.,Brad,NULL,Sutton,NULL,Honest Repair Service,adventure-workspamela0,brad0@adventure-works.com,688-555-0115,5tnpQqGsl1FEtOjw1+pBDGRv4Cwho0BiuspfaZVuVOE=,BhyhRuI=
506,0,Mr.,Fran?ois,NULL,Ferrier,NULL,Great Bikes,adventure-worksdavid8,fran?ois1@adventure-works.com,571-555-0128,Li26cq1s3a+0YJcgjemlepj98r5eUwJlyHGmDJnSCWI=,NVfuzjo=
507,0,Mr.,Mary,NULL,Bishop,NULL,Global Sporting Goods,adventure-worksjillian0,mary4@adventure-works.com,176-555-0136,uj7ugYIlt8/EjcQMI8uLQKlKQQ/rSZ167vO7ihbVYo8=,toJKEB0=
508,0,Mr.,Martin,J.,Svoboda,IV,Designer Department Stores,adventure-worksjillian0,martin1@adventure-works.com,132-555-0149,Gj5nPqWCRNrWH1xI56lwl7UvDAGPHZp3Z5QwCiKaDTc=,IrlfUfg=
509,0,Mr.,Robert,E.,Ahlering,NULL,Fun Toys and Bikes,adventure-worksshu0,robert1@adventure-works.com,678-555-0175,d35zXrfhsEHK6QrH/B7ipKUuuilEpY8u8rIunip5YWI=,r/UyVHY=
510,0,Mr.,Jimmy,NULL,Bischoff,NULL,World Bike Discount Store,adventure-workslinda3,jimmy1@adventure-works.com,992-555-0111,lbduPisVeIU+cP9cYQejSE4m0OPZJifKl9/E7GrrAyo=,BJUetfg=
511,0,Mr.,Abraham,L.,Swearengin,NULL,Wheel Gallery,adventure-worksshu0,abraham0@adventure-works.com,926-555-0136,CCZ7frrqKu31sPRuEGit5egtq9PHIW51qLxRTi/TAcY=,D5ohtJ8=
514,0,Mr.,Ryan,NULL,Calafato,NULL,Retail Mall,adventure-worksjose1,ryan1@adventure-works.com,726-555-0155,7zHYCWMhkitUJXggqG0dMfCqyK0FBDp/XwCeyPYWZ1A=,DBuWFZ4=
515,0,Mr.,Dragan,NULL,Tomic,NULL,Rural Bicycle Supply,adventure-worksjose1,dragan1@adventure-works.com,833-555-0167,/RLlmUbwfhuCElQyoZ6r3d8DDXVYF3kfkJma4R7pL8g=,3KzW2g8=
516,0,Mr.,Thomas,R.,Michaels,NULL,Seats and Saddles Company,adventure-worksgarrett1,thomas2@adventure-works.com,162-555-0174,sGgVDtQybwwnAik3qbQBE+iRRjlk0ahJmqvKjTGFq5I=,aOFmjMY=
520,0,Ms.,Mari,B.,Caldwell,NULL,Metro Metals Co.,adventure-worksjae0,mari0@adventure-works.com,1 (11) 500 555-0118,1tbKzsdwFfEX1T/OP+I5Eu7EVKuWn2FviChJGtlaeQI=,x8xILbE=
523,0,Ms.,Mary,M.,Gimmi,NULL,Futuristic Sport Distributors,adventure-worksshu0,mary6@adventure-works.com,149-555-0196,mcO7vvh7FSdCS9FFgyEhwIHXKbrBkeYmcgksFie8Jzk=,S640434=
526,0,Mr.,David,L.,Givens,NULL,Finer Sales and Service,adventure-worksjose1,david15@adventure-works.com,605-555-0111,bNPaVIrQ0uCjPy8EyuamUJBSc3o5l+dvYZ4PSl1zJJ0=,gTOrXjM=
527,0,Ms.,Diane,NULL,Tibbott,NULL,Fun Times Club,adventure-worksshu0,diane5@adventure-works.com,847-555-0184,4G603WBKyHh8eHVBhhE9Fx0bYyHxSASUpUyJ5v5AG88=,br8PN50=
528,0,Ms.,Helen,M.,Meyer,NULL,Alpine Ski House,adventure-workslinda3,helen2@adventure-works.com,519-555-0112,xYJSzxUQxGXkjj+EUMGu3jCaA5aPco7WAdw+VZtUbUM=,v1Ew2R4=
529,0,Ms.,Jeanie,R.,Glenn,PhD,Big-Time Bike Store,adventure-worksshu0,jeanie0@adventure-works.com,669-555-0149,JFHzZpLu5HeGe//DMA9vbqFc0yeYRjrW7ItGAnDHMhk=,dUASILc=
532,0,Ms.,Diane,R.,Glimp,NULL,The Showroom,adventure-worksjose1,diane3@adventure-works.com,898-555-0137,kz7kmFKpPYor30M8eaO3PAziuYa/bYqwcKomnP2NlxU=,s9kzXNA=
533,0,Ms.,Yuping,NULL,Tian,NULL,Tenth Bike Store,adventure-worksjose1,yuping0@adventure-works.com,744-555-0123,dOvfJZgKHSk3OY2F/ZDzG76q7Vqtd3ogvi6tEW81U9E=,30pSFOQ=
534,0,Mr.,Stephen,A.,Mew,NULL,Recommended Bicycles,adventure-worksgarrett1,stephen4@adventure-works.com,399-555-0114,pBvyGgTluk2JUwL/bK3NlXBRBgSUVk5HgHHhc2gU89k=,xdzdXEw=
538,0,Mr.,John,R.,Brooks,NULL,Prosperous Tours,adventure-worksjae0,john12@adventure-works.com,1 (11) 500 555-0179,7cimopKXrRxK/+QAEW4WJ+XGTEEJvTsX0l1QxCAWQI0=,C4OiUF4=
541,0,Mr.,Willie,P.,Brooks,Jr.,Nonskid Tire Company,adventure-workspamela0,willie0@adventure-works.com,525-555-0174,HKBXG8BXKW53RK2DsPsqNDV7PdDSavcncjD1t/rdW18=,dS1y3X0=
542,0,Mr.,Andrew,P.,Kobylinski,NULL,Finer Parts Shop,adventure-worksdavid8,andrew5@adventure-works.com,129-555-0185,kV0cL2OLqsK4OFtnZiL106gAKEZOBwGuAVYOYakH0kM=,GAfxRv4=
543,0,Mr.,R. Morgan,L.,Mendoza,NULL,Friendly Neighborhood Bikes,adventure-worksjillian0,rmorgan0@adventure-works.com,963-555-0146,SDOw6y7IRVh0ifbtO1Ue2Fb8cig2n0DkW+K3kmjQ/Xc=,K0sYx+Y=
544,0,Mr.,Jay,NULL,Adams,NULL,Valley Bicycle Specialists,adventure-worksjillian0,jay1@adventure-works.com,158-555-0142,jCFDuqUMHmknfadTRSkMvN0IDObtE/GslvN9q2Wa5xU=,117fxZM=
545,0,Mr.,Christian,NULL,Kleinerman,NULL,Finish and Sealant Products,adventure-worksshu0,christian1@adventure-works.com,362-555-0177,v9tjo4izinAmIevwhur1w9F/Wj0yCIj1eXG0q2dFc1s=,7uZHIds=
546,0,Mr.,Anton,NULL,Kirilov,NULL,Field Trip Store,adventure-workslinda3,anton0@adventure-works.com,608-555-0162,MA3e45BYPTDfQV7Kwg+fh94UR4S5kCbr0wdRqncaG0o=,0sZGs8c=
547,0,Ms.,Gladys,F.,Mendiola,NULL,Curbside Sporting Goods,adventure-worksshu0,gladys0@adventure-works.com,535-555-0189,BLtI4kYqIf4QqFUkSc0vKV4J1A400sEqhAfWhRMVFTQ=,ISstDas=
550,0,Ms.,Raquel,NULL,Mello,NULL,Remote Bicycle Specialists,adventure-worksjose1,raquel0@adventure-works.com,723-555-0124,GMyxAFJL1Mwg+3iSBTMKDohFkSy5NKqGrVo0rL23S4I=,Ap+5ADc=
551,0,Mr.,Samuel,N.,Agcaoili,NULL,Vinyl and Plastic Goods Corporation,adventure-worksjose1,samuel0@adventure-works.com,554-555-0110,jt9vdIyi0zI03wECUFk1hdZLTVOqN09/Fdogi+cTeQU=,uFYBREA=
552,0,Mr.,Tim,NULL,Kim,NULL,Consolidated Messenger,adventure-worksgarrett1,tim0@adventure-works.com,244-555-0115,tgMDK3qjc6HiiWHXztTrPQw/eEJWy2T9OWRLlcrhhbM=,W9zzlRs=
556,0,Ms.,Nancy,A.,McPhearson,NULL,Variety Cycling,adventure-worksjae0,nancy3@adventure-works.com,1 (11) 500 555-0195,jI4Q0GjuXuPicv1G1Kd3ZluvRH4IsSCG13q/+rCAqW8=,qcerumU=
559,0,Ms.,Nkenge,NULL,McLin,NULL,Some Discount Store,adventure-workspamela0,nkenge0@adventure-works.com,158-555-0123,mGggzeGp9z6TPCUrzGWt1N9gNU1CoQ+Cuu8cxh8uig4=,NNRxDmg=
560,0,Mr.,Paul,L.,Alcorn,NULL,Major Sport Suppliers,adventure-worksdavid8,paul2@adventure-works.com,331-555-0162,UxlXfO/0JyTpelLFzbqFj9Ie1Rv1OJKPd6Cnm1itSsU=,IZ5yIjI=
561,0,Mr.,Marvin,N.,Allen,NULL,Mountain Toy Store,adventure-worksjillian0,marvin0@adventure-works.com,447-555-0110,fJ1UEyRel4bt2DuzHtDUPBU44ZALMsfyxQQviNGARf8=,7wNTdi8=
562,0,Ms.,Yvonne,NULL,McKay,NULL,Practical Bike Supply Company,adventure-worksjillian0,yvonne1@adventure-works.com,623-555-0144,CzoEFQ0OfYtg1bNPN/BfavRr5F/ulWLF9VIraghdmZo=,pXNy1Eg=
563,0,Mr.,Sean,P.,Jacobson,NULL,Systematic Sales,adventure-worksshu0,sean2@adventure-works.com,555-555-0162,T/ASZdvX90M9kM1P5+sGBNxwkhLxF94/vJejQ6pjLiY=,jKAQI7c=
564,0,Ms.,Michelle,NULL,Alexander,NULL,Imported and Domestic Cycles,adventure-workslinda3,michelle0@adventure-works.com,115-555-0175,bA9fPVXpV/0NMRuGiY+zju3+/lcB2r9uBk68dG22Ddk=,M5BkDDQ=
565,0,Mr.,Richard,M.,Bentley,Jr.,Metallic Paint and Overcoat Co,adventure-worksshu0,richard0@adventure-works.com,911-555-0153,IKeN04oVNJhVCRPh+H8BodLp24YZoRNRfJ0/S8zK+ls=,s71j+uU=
568,0,Mr.,Curtis,P.,Howard,NULL,Economy Center,adventure-worksjose1,curtis0@adventure-works.com,555-555-0162,mRsptWTaXRgSBaILQ+BYKXl50LdVbLPrHgVQDImm2mc=,e139ONA=
569,0,Mr.,Cecil,J.,Allison,NULL,Designated Distributors,adventure-worksjose1,cecil0@adventure-works.com,699-555-0155,steY9ge/f3jz0DNlVhxkdUx1NrciPQzyUpvtGCcoYBo=,KUNCNjU=
570,0,Mr.,Gregory,F.,Alderson,NULL,Family's Favorite Bike Shop,adventure-worksgarrett1,gregory0@adventure-works.com,968-555-0153,tEgc21LcZ3r2OP2nJIkrbmo2fXvbIC9npM6uzG1osbY=,IlDduMc=
574,0,Ms.,Janice,K.,Hows,NULL,Area Sheet Metal Supply,adventure-worksjae0,janice1@adventure-works.com,1 (11) 500 555-0119,vMyt8M0mW0ueXgZQ1RobrccRTzB3IVXOkX5Zy5h5a/A=,Qtn1h+4=
577,0,Mr.,George,M.,Huckaby,NULL,Synthetic Materials Manufacturing,adventure-workspamela0,george1@adventure-works.com,851-555-0127,BEq/PlDx4jHq8M8eOxUHo3LyOu4Aetq3bsbr8QlvMuI=,GVMmXow=
578,0,Ms.,Carolyn,NULL,Farino,NULL,The Bike Shop,adventure-worksdavid8,carolyn0@adventure-works.com,957-555-0125,jnz8GF/glxwiqqdUVHkoV+53Mp1HOnFR/azWzJ80Ktc=,qwoGYjU=
579,0,Ms.,Kim,NULL,Abercrombie,NULL,Riders Company,adventure-worksjillian0,kim2@adventure-works.com,334-555-0137,4I8349R6c33cK+j1ef3dZt0JHOQ9MV7OvEXpCbwhQrQ=,rrgbG/U=
580,0,Mr.,Joshua,J.,Huff,NULL,Rural Sales and Service,adventure-worksjillian0,joshua0@adventure-works.com,190-555-0186,zOvX8kRn4fdhAQJxa8bWrWKsuorYlcuOn6PsgZy7o0c=,HQlRLlk=
581,0,Ms.,Geri,P.,Farrell,NULL,Safe Toys,adventure-worksshu0,geri0@adventure-works.com,329-555-0183,Wc/TlRg7q92tTI8Njp2Ivs8eKIRej8TfabwOQYYybe8=,anxKyOc=
582,0,Ms.,Catherine,R.,Abel,NULL,Professional Sales and Service,adventure-workslinda3,catherine0@adventure-works.com,747-555-0171,zh3goJUbYsPv92k4bVZuJtlLHwuvpQtu6uNcjkKSdF8=,rpyd5Tw=
583,0,Ms.,Laura,C.,Steele,NULL,Professional Containers and Packaging Co.,adventure-worksshu0,laura3@adventure-works.com,741-555-0173,Ve/S2F7op7awJVe7aBPDkDTtsOiyLvShdymITr5ilEI=,ckT+1XU=
586,0,Ms.,Shanay,B.,Steelman,NULL,One Bike Company,adventure-worksjose1,shanay0@adventure-works.com,797-555-0118,No6/IlWBeOp1TBZ1wAMOUa5VwYHrf3NyowdeNz4yGNs=,VQqvrDo=
587,0,Ms.,Rhoda,J.,Finley,NULL,Our Sporting Goods Store,adventure-worksjose1,rhoda0@adventure-works.com,920-555-0191,q1tCJRWRCSt1/VrADrMeQkLwbHjw1LlGOdVX8DLaYoM=,83MFiok=
588,0,Mr.,Pat,A.,Chambers,NULL,General Cycle Storehouse,adventure-worksgarrett1,pat1@adventure-works.com,127-555-0124,cTcQEsZdQPvGLuu5iDRwrqp4fM6oBxNFi+X7anqqPzA=,bvb6hus=
592,0,Mr.,Stefano,NULL,Stefani,NULL,Cycling Goods,adventure-worksjae0,stefano0@adventure-works.com,1 (11) 500 555-0115,eVnhcpqYU3NKN52mFwcXw11n5pF8qfCFpZBVTo45zsY=,XSHxez4=
595,0,Mr.,Alan,NULL,Steiner,NULL,Cycle Clearance,adventure-workspamela0,alan4@adventure-works.com,792-555-0194,0ZfPkEBplSrQkVpmgzrlfblSeTpJ4CJwJu7aVWOuOSM=,FDIch68=
596,0,Ms.,Kathie,NULL,Flood,NULL,Coho Sports,adventure-worksdavid8,kathie1@adventure-works.com,627-555-0192,UA0N5pHkC4DZZ4xHgqJohcC+5L3JnoaegTulnb1lrhA=,WGizZm8=
597,0,Mr.,Bob,NULL,Hodges,NULL,All Seasons Sports Supply,adventure-worksjillian0,bob2@adventure-works.com,129-555-0120,7n1V5i5pzSERgIgX+CGs3KdSRIWCKMMppAbccjLLWQQ=,FebyYno=
598,0,Mr.,Derik,NULL,Stenerson,NULL,Black Bicycle Company,adventure-worksjillian0,derik0@adventure-works.com,441-555-0144,eiskTIJrt6kqa7sel16D8OBUVoPmh3ud4vMChJvsZCc=,0rK3P2k=
599,0,Mr.,Raul,E.,Casts,NULL,Westside Plaza,adventure-worksshu0,raul0@adventure-works.com,362-555-0162,NghLMnHjoD3F7B0y8sTtYlpCq5imhhvrn56YUAUNEm4=,68RH5og=
600,0,Ms.,Holly,J.,Holt,NULL,Strenuous Exercise Shop,adventure-workslinda3,holly1@adventure-works.com,654-555-0150,n17D3Bxk24bdzD3bEx0DUQ3Nmts/O7lqoGn57J5z1Og=,wmfLAOE=
601,0,Mr.,Vassar,J.,Stern,NULL,Transport Bikes,adventure-worksshu0,vassar0@adventure-works.com,328-555-0123,nPkLkDdemKmfK3VexvRWH5zYyNzwcfvny8DxWGnicSw=,hLswDiQ=
604,0,Ms.,Wathalee,R.,Steuber,NULL,Sellers of Cycles,adventure-workspamela0,wathalee0@adventure-works.com,517-555-0120,Sr0056wJj+khaWXi1cRpgU62bgcN9VaN6VJADuKWey4=,7uwL9LU=
605,0,Mr.,Matthew,J.,Cavallari,NULL,Outstanding Cycles,adventure-worksdavid8,matthew1@adventure-works.com,695-555-0161,I5oNRDKehZnUlVTunv+30kLR3rM7VyVA2vJyu6CNveI=,beKST+I=
606,0,Ms.,Helge,NULL,Hoeing,NULL,Little Bicycle Supply Shop,adventure-worksjillian0,helge0@adventure-works.com,850-555-0198,hbXMO61Cy3vQxyCiHA7HyFryiQNgK7GAqMxsht+DVBI=,yvAO+sY=
607,0,Ms.,Alice,M.,Steiner,NULL,Maintenance and Repair for Bicycles,adventure-worksjillian0,alice4@adventure-works.com,355-555-0180,6WWUM3/rogiNsZhr2QrAacB6N22U0ZWIgDs1/K05cpI=,4QdzKJI=
608,0,Mr.,Steven,B.,Brown,IV,Golf and Cycle Store,adventure-worksshu0,steven1@adventure-works.com,280-555-0124,S9Kf7AXqY19C/4rLMHjUwO+5Yh7mMhaPsuouZxizDpg=,Hp2yS7E=
609,0,Mr.,David,NULL,Hodgson,NULL,Good Toys,adventure-workslinda3,david16@adventure-works.com,969-555-0117,+gtwbVycsIIj2loVtrHNRN6IBLl20lQpRK8+JhzxyEo=,AwqZdYk=
610,0,Ms.,Liza Marie,N.,Stevens,NULL,Fitness Department Stores,adventure-worksshu0,lizamarie0@adventure-works.com,366-555-0110,Sapr4JrpchrNOsaFQvNr+C8KtCL9DgKHOdvYws7WrOM=,QvunVRs=
613,0,Mr.,Jim,NULL,Stewart,NULL,Famous Bike Shop,adventure-worksgarrett1,jim5@adventure-works.com,226-555-0110,UhGiWqQH+ZqO4P2SIEQ4J9goCINUOyHBAttZ/+kJooA=,awRBGoA=
617,0,Ms.,Arlene,NULL,Huff,NULL,Tubeless Tire Company,adventure-worksjae0,arlene0@adventure-works.com,1 (11) 500 555-0146,V+NOGsSc50L8026bnGkDjKzDoI/ND88zeG1cDP5uO7Q=,SC/mXZQ=
620,0,Mr.,Matthew,M.,Hunter,NULL,Tires and Tubes,adventure-workspamela0,matthew4@adventure-works.com,482-555-0188,K9PXehZSeHlIA1Tb5gEOxe7YmFCX8u6Qlju4nRie0Cg=,fJ1qzBg=
621,0,Mr.,Matthew,NULL,Hink,NULL,Running and Cycling Gear,adventure-worksdavid8,matthew3@adventure-works.com,146-555-0176,q9I0z+PgMdt+yPOfNb1pj69QvJ3r8WuMzirXw4mW4BM=,hDyaJt4=
622,0,Mr.,Robert,B.,Stotka,NULL,Gift and Toy Store,adventure-worksjillian0,robert12@adventure-works.com,493-555-0185,FT/8LOHiql36eAZLyTYZ2uqevgzDFxh6W9nVGmMmrhw=,M0RBO9w=
623,0,Ms.,Phyllis,R.,Huntsman,NULL,Hardware Components,adventure-worksjillian0,phyllis1@adventure-works.com,153-555-0195,p/kLCLWcvgvL26dkJoqHo4GqZmYGVWCYCrBwbhTLKtY=,gJeczkk=
624,0,Mr.,Mike,NULL,Hines,NULL,First Cycle Store,adventure-worksshu0,mike3@adventure-works.com,454-555-0160,gna2fhtLmKi5ZKr50RuPJEI5Vh/osfQgFxhjmQs0XpI=,wt1HllQ=
625,0,Ms.,Kayla,M.,Stotler,NULL,Major Sporting Goods,adventure-workslinda3,kayla0@adventure-works.com,315-555-0131,iqikbQl8bEZb+ulQMP5FNBSjXL1grUcz4NTUP9GBmAQ=,ZqTw9GM=
626,0,Mr.,Lawrence,E.,Hurkett,NULL,Retail Sporting Goods,adventure-worksshu0,lawrence0@adventure-works.com,129-555-0185,2d7alYFBKkadQ4uQc1u70/bdOXfmqCXEr5kCDqYMEc4=,hGtKm+M=
629,0,Mr.,Ryan,NULL,Ihrig,NULL,Efficient Cycling,adventure-worksjose1,ryan4@adventure-works.com,809-555-0152,6UfB6OlcKQXLjWHj+yl3Ck3STFhp4YRHN/aojcUvsb0=,HGudpUM=
630,0,Mr.,Andrew,R.,Hill,NULL,Eastside Parts Shop,adventure-worksjose1,andrew4@adventure-works.com,194-555-0149,6kDCzX44wtxfxZaC28Ek1kf7IczJ9hxLvDx9DfU8B60=,m9GHYGc=
631,0,Mr.,Robert,P.,Lyeba,NULL,Tandem Sales and Service,adventure-worksgarrett1,robert8@adventure-works.com,631-555-0155,5obs6LI7GwHZ55lps26uIsPyz7E4xBxF6pdB5KYAnn0=,/Q1sZG0=
635,0,Mr.,Roger,NULL,Van Houten,NULL,Sports Store,adventure-worksjae0,roger2@adventure-works.com,1 (11) 500 555-0110,C0yLsx6zITh7lXoIPgG1bl1t5II3nx4GYi/RaS1yB84=,WnTAc/0=
637,0,Mr.,Robert,NULL,Lyon,NULL,Reliable Retail Center,adventure-worksgarrett1,robert9@adventure-works.com,666-555-0143,4wMARaGSdJ36NMWSghaEHOvqGA6TSKb3JZJ8QlNfnok=,0JS3VLg=
641,0,Ms.,Rose,M.,Vandenouer,NULL,Extended Tours,adventure-worksjae0,rose1@adventure-works.com,1 (11) 500 555-0140,X6Rw044/W0OFsOl+AJSD6WZFTsjbaCa3sn719STdi0Y=,tRFzZLs=
643,0,Ms.,Denise,R.,Maccietto,NULL,Friendly Bike Shop,adventure-worksmichael9,denise1@adventure-works.com,537-555-0190,qE35+Yj4hYU97ToV8hswsOzcxEz23lHAGGrIx9xL2YY=,DfqJQ4g=
644,0,Mr.,Gregory,T.,Vanderbout,Jr.,Convenient Sales and Service,adventure-workspamela0,gregory1@adventure-works.com,684-555-0134,syI1UO2qeBH9g2tg2nu3DTejZc7OEShGw8jxOqXfATY=,FAw6ojc=
645,0,Mr.,Ronald,K.,Heymsfield,NULL,Superior Hardware Distributors,adventure-worksdavid8,ronald1@adventure-works.com,784-555-0120,BveRxEdkJ/QVGtSMNGrJu9cLHlihVb+wlFzxrHOsSkA=,DmNlCmQ=
646,0,Mr.,Scott,NULL,MacDonald,NULL,Yellow Bicycle Company,adventure-worksjillian0,scott7@adventure-works.com,470-555-0171,E1wwrSH3sVJUF8UlhuAF+A5UTcdr1LObJBI67CvopDA=,LqtoWXs=
647,0,Mr.,Michael,NULL,Vanderhyde,NULL,Solid Bike Parts,adventure-worksjillian0,michael25@adventure-works.com,918-555-0141,/upSM1yXqGCA1vtYL9IB/NcKFrE3cg7HvqSYGTsQprM=,uXetzTc=
648,0,Ms.,Cheryl,M.,Herring,NULL,Small Bike Shop,adventure-worksshu0,cheryl0@adventure-works.com,158-555-0154,RGd9trE6ku80EeSumu50h1MGol+lmzdeCrME1UBOKCA=,256h+G0=
649,0,Mr.,Walter,J.,Mays,Sr.,Sports Products Store,adventure-workslinda3,walter1@adventure-works.com,245-555-0191,PubfC/rRrBqx4Duzd5die33tt0m74frlazigsOv3D7s=,IZ6tF0Y=
650,0,Ms.,Margaret,J.,Vanderkamp,NULL,Permanent Finish Products,adventure-worksshu0,margaret2@adventure-works.com,265-555-0143,TUk6pzHyHoA6CadqZKdfwfCKtp3f4RhQ07VWCDZDKIM=,osDZuYo=
653,0,Ms.,Kara,N.,Vanderlinden,NULL,Mercantile Outlet,adventure-worksjose1,kara0@adventure-works.com,680-555-0160,grGra0LtVSrZMZySvhV+ggFwVRSDpwDd39a18q68CD0=,kc4E3DA=
654,0,Mr.,Jesus,NULL,Hernandez,NULL,Online Bike Warehouse,adventure-worksjose1,jesus0@adventure-works.com,214-555-0145,oQESLWRzzA7xFmx/oeIwJrVckc/0dzUxgBru6ptUjqA=,Y/Ty5LA=
655,0,Ms.,Irene,J.,Hernandez,NULL,Operational Manufacturing,adventure-worksgarrett1,irene0@adventure-works.com,790-555-0197,3A2aNKKLe47G95cy27tMj6HW1ov3nLIR530SWR/vrZ4=,uJ5Exxo=
659,0,Mr.,Ajay,NULL,Manchepalli,NULL,Shipping Specialists,adventure-worksjae0,ajay0@adventure-works.com,1 (11) 500 555-0174,eVyn3oU+PF4k5dUPOBDIl+7JqQhO17DiG/iJE8dPkgc=,MYqiM6w=
660,0,Mr.,Nieves,J.,Vargas,II,Exhilarating Cycles,adventure-worksmichael9,nieves0@adventure-works.com,371-555-0184,dG3/Y2fWXOAgE37z4Vj0K7ejAxDbv9M902ByQTjdng4=,/PSiwRg=
661,0,Mr.,Kari,NULL,Hensien,NULL,General Department Stores,adventure-worksgarrett1,kari0@adventure-works.com,143-555-0129,9q51LeEZWFDB+L+DtlRs239EjYmK9mN+eUjUvqLToLw=,niDlQYk=
665,0,Mr.,Tomas,M.,Manzanares,II,Authentic Sales and Service,adventure-worksjae0,tomas0@adventure-works.com,1 (11) 500 555-0178,jlXuo2MxBdUaBFU1a7LQeFlHkJUTu5koo+dBRsKSbrw=,blIz9rk=
668,0,Ms.,Kathy,R.,Marcovecchio,NULL,Official Parts Shop,adventure-workspamela0,kathy0@adventure-works.com,942-555-0141,EQfen7Xb4ZYQG6fC/yOA9SRKRw4HtLTBSHq1n1yOiAs=,LH8E+mM=
669,0,Ms.,Patricia,NULL,Doyle,NULL,Racing Bike Outlet,adventure-worksdavid8,patricia0@adventure-works.com,899-555-0134,oNLvRmGCzEz1jsW8aIhOPt/9GVbikzcIYiqMuMKtrYw=,ZeNva8s=
670,0,Ms.,Valerie,M.,Hendricks,NULL,First Bike Store,adventure-worksjillian0,valerie0@adventure-works.com,859-555-0140,M5s53K3R8LqDXmLZX8/YZWvhkKuUo3dkpcmAFuw6d8U=,1lkXMps=
671,0,Ms.,Jill,K.,Markwood,NULL,"Contoso, Ltd.",adventure-worksjillian0,jill2@adventure-works.com,747-555-0113,Ajd6a502mnEIwl6n2we4J6ee42p14MOpKGWrKSHsxxo=,YuvPgz4=
672,0,Mr.,Gerald,M.,Drury,NULL,Utilitarian Sporting Goods,adventure-worksshu0,gerald0@adventure-works.com,169-555-0178,Jlxkjapdo78bvTdzddS8yoUxcj6pyFuXwdsCGn6KHvI=,ClRPyyM=
673,0,Mr.,John,NULL,Hanson,NULL,Countryside Company,adventure-workslinda3,john20@adventure-works.com,107-555-0117,2stwPzsfBnHlWJSw7+jrEjtXjaoxVkBMOVsluOUNpog=,zNDLlSI=
674,0,Ms.,Melissa,R.,Marple,NULL,Discount Tours,adventure-worksshu0,melissa0@adventure-works.com,685-555-0117,UbL/DUTnTSqLeeA4RQCXS5ofw+ATOi1iWyGfuy/PO6g=,CAB+B+I=
677,0,Ms.,Cecelia,L.,Marshall,NULL,Tire Exchange,adventure-worksjose1,cecelia0@adventure-works.com,394-555-0168,Io27wVPQenseFjuryNClpoCLiH0HtpKdgQrqYO9W/OQ=,1sXsDEE=
678,0,Mr.,Reuben,NULL,D'sa,NULL,Vigorous Exercise Company,adventure-worksjose1,reuben1@adventure-works.com,916-555-0137,EVeayvYSlWRfySd2RBGRSr93ST2Me+VDyAoD44WBrrg=,jj5f+ZA=
679,0,Ms.,Brenda,F.,Heaney,NULL,Superb Sales and Repair,adventure-worksgarrett1,brenda3@adventure-works.com,393-555-0167,RxykMRRwPRGYqzudPUFD1TKUT1bvgYanY1nsGIvL0Jo=,KnmJUbs=
683,0,Ms.,Linda,NULL,Martin,NULL,Oils and Fluids Warehouse,adventure-worksjae0,linda8@adventure-works.com,1 (11) 500 555-0137,lePksYQQH7iiujo49o5l9u2k6fs+JCFtUHkyVL8P7WM=,JYjWVqI=
685,0,Mr.,James,B.,Haugh,Jr.,Family Cycle Store,adventure-worksgarrett1,james8@adventure-works.com,763-555-0120,qqWGyjPy74GLpFoYkhe3eQutrmixkWZkZHsl5d0mZpI=,TfeFfy4=
689,0,Ms.,Sandra,I.,Martinez,NULL,Consumer Equipment,adventure-worksjae0,sandra3@adventure-works.com,1 (11) 500 555-0113,zTIlJwPJ9VjXFq2kSSD/H313VF0ZlgeS3a6z5UDvo9k=,Em3q8s4=
692,0,Ms.,Bev,L.,Desalvo,NULL,Successful Sales Company,adventure-workspamela0,bev0@adventure-works.com,143-555-0113,j42zXyaSRc55aauqsJrhWZdZBGkW64qaL1hO1tdgdQk=,5dgYmOY=
693,0,Mr.,Bart,NULL,Duncan,NULL,Stock Parts and Supplies,adventure-worksdavid8,bart0@adventure-works.com,539-555-0121,NJJTfbDws96bPa7Giz9Mmq+M0NSYcjlcfwpjsUnYWdE=,MPxWTOU=
694,0,Ms.,Ann,T.,Hass,NULL,The Accessories Store,adventure-worksjillian0,ann2@adventure-works.com,713-555-0168,lykTZ3vUjtqvW669XVLX3Gk9RrV2EBdorSOkebEHyvk=,M7xYGr4=
695,0,Mr.,Rob,NULL,Caron,NULL,Responsible Bike Dealers,adventure-worksjillian0,rob2@adventure-works.com,620-555-0117,yaVIQNTOMlDFxsn08drJdHoPTkydd5XKkeBgAPyVGbk=,v43cndI=
696,0,Mr.,Maciej,NULL,Dusza,NULL,Roadway Supplies,adventure-worksshu0,maciej1@adventure-works.com,962-555-0144,v404bp5zCcIyJO+s50eW4MbBxBjjkDQJe5ee5fvwBKI=,pDYvCjw=
697,0,Mr.,Roger,NULL,Harui,NULL,Brakes and Gears,adventure-workslinda3,roger0@adventure-works.com,774-555-0133,tkI9EcizphWPzkz7kDwsd2AnKnZJi3/6+V5/fIuXPpo=,sQMfTfM=
698,0,Mr.,Andy,NULL,Carothers,NULL,Western Bike Supplies,adventure-worksshu0,andy1@adventure-works.com,944-555-0148,Q0MU0NsjDAbnQSqMBkP9Sm4G43DKXcirOnAKlzYSYnI=,DZ8e0Xk=
701,0,Ms.,Linda,R.,Ecoffey,NULL,Future Bikes,adventure-worksjose1,linda5@adventure-works.com,674-555-0188,zM1odbx2eTJoH556dXSIqTCDa5EBj8DWUSHVo67GEGc=,Q5U1IZU=