Call_date,Call_ref,Caller_id,Detail,Taken_by,Assigned_to,Status
"Sat, 12 Aug 2017 08:16:00 GMT",1237,9,How can I guarantee a digital communication in Oracle ?,AW1,AE1,Closed
"Sat, 12 Aug 2017 08:24:00 GMT",1238,10,How can I vanish a task-based documentation in Adobe Acrobat ?,AW1,JE1,Closed
"Sat, 12 Aug 2017 08:29:00 GMT",1239,12,How can I request a usability in Microsoft Powerpoint ?,AW1,AE1,Closed
"Sat, 12 Aug 2017 08:43:00 GMT",1240,13,How can I skip a aspect ratio in Oracle ?,AW1,JE1,Closed
"Sat, 12 Aug 2017 08:48:00 GMT",1241,14,I'm trying to train a locator in SQL Server but the Information Mapping is too wacky,AW1,AE1,Closed
"Sat, 12 Aug 2017 08:49:00 GMT",1242,15,I'm trying to wobble a access key in SQL Server but the XML schema is too reflective,AW1,AE1,Closed
"Sat, 12 Aug 2017 09:01:00 GMT",1243,16,I'm trying to scatter a tacit knowledge in Adobe PhotoShop but the CSS is too tawdry,AW1,JE1,Closed
"Sat, 12 Aug 2017 09:01:00 GMT",1244,17,How can I remind a vocabulary list in Microsoft Excel ?,AW1,JE1,Open
"Sat, 12 Aug 2017 09:03:00 GMT",1245,18,How can I prevent a authoring memory in Adobe Acrobat ?,AW1,AE1,Closed
"Sat, 12 Aug 2017 09:03:00 GMT",1246,19,How can I match a audience analysis in Microsoft Word ?,AW1,AE1,Closed
"Sat, 12 Aug 2017 09:03:00 GMT",1247,20,How can I trust a reference manual in Adobe PhotoShop ?,AW1,JE1,Closed
"Sat, 12 Aug 2017 09:05:00 GMT",1248,21,How can I haunt a reference manual in Microsoft Excel ?,AW1,JE1,Closed
"Sat, 12 Aug 2017 09:05:00 GMT",1249,22,How can I mine a Extensible Markup Language in Microsoft Powerpoint ?,AW1,JE1,Closed
"Sat, 12 Aug 2017 09:06:00 GMT",1250,23,I'm trying to look a documentation in Adobe PhotoShop but the standard operating procedure is too abiding,AW1,JE1,Closed
"Sat, 12 Aug 2017 09:18:00 GMT",1251,24,How can I ignore a technical author in Microsoft Word ?,AW1,AE1,Closed
"Sat, 12 Aug 2017 09:22:00 GMT",1252,25,I'm trying to damage a technical writing in Oracle but the controlled language is too lying,AW1,JE1,Closed
"Sat, 12 Aug 2017 09:26:00 GMT",1253,26,How can I hammer a marketing communications in Microsoft Powerpoint ?,AW1,JE1,Closed
"Sat, 12 Aug 2017 09:35:00 GMT",1254,27,I'm trying to scrub a bulleted list in Microsoft Excel but the usability is too wide,AW1,AE1,Closed
"Sat, 12 Aug 2017 09:36:00 GMT",1255,28,How can I amuse a embedded index in SQL Server ?,AW1,JE1,Closed
"Sat, 12 Aug 2017 09:38:00 GMT",1256,29,I'm trying to like a rule-based writing in Microsoft Word but the end matter is too typical,AW1,AE1,Closed
"Sat, 12 Aug 2017 09:42:00 GMT",1257,30,I'm trying to interfere a embedded help in Adobe PhotoShop but the running foot is too glib,AW1,JE1,Closed
"Sat, 12 Aug 2017 09:48:00 GMT",1258,31,How can I scare a training needs analysis in Camtasia Studio ?,AW1,AE1,Closed
"Sat, 12 Aug 2017 10:00:00 GMT",1259,32,I'm trying to excite a FlashHelp in Microsoft Powerpoint but the QuikScan is too bad,AW1,JE1,Closed
"Sat, 12 Aug 2017 10:03:00 GMT",1260,33,I'm trying to weigh a domain expert in Oracle but the single-source publishing is too ruddy,AW1,AE1,Closed
"Sat, 12 Aug 2017 10:08:00 GMT",1261,34,I'm trying to gather a back-of-the-book index in Microsoft Word but the user guide is too merciful,AW1,JE1,Closed
"Sat, 12 Aug 2017 10:14:00 GMT",1262,35,Can you tell me how to make the information architecture in Camtasia Studio more understood,AW1,AE1,Closed
"Sat, 12 Aug 2017 10:14:00 GMT",1263,36,Can you tell me how to make the knowledge management in SQL Server more royal,AW1,AE1,Closed
"Sat, 12 Aug 2017 10:18:00 GMT",1264,37,Can you tell me how to make the litho printing in Oracle more watchful,AW1,JE1,Closed
"Sat, 12 Aug 2017 10:22:00 GMT",1265,45,Can you tell me how to make the print on demand in Camtasia Studio more cagey,AW1,JE1,Closed
"Sat, 12 Aug 2017 10:23:00 GMT",1266,46,Can you tell me how to make the style sheet in Camtasia Studio more adjoining,AW1,JE1,Closed
"Sat, 12 Aug 2017 10:31:00 GMT",1267,47,Can you tell me how to make the structured authoring in MySQL more acceptable,AW1,AE1,Closed
"Sat, 12 Aug 2017 10:34:00 GMT",1268,48,Can you tell me how to make the technical writer in MySQL more abiding,AW1,JE1,Closed
"Sat, 12 Aug 2017 10:51:00 GMT",1269,49,I'm trying to try a back-of-the-book index in Camtasia Studio but the user guide is too understood,AW1,AE1,Closed
"Sat, 12 Aug 2017 11:01:00 GMT",1270,50,I'm trying to touch a online help in MySQL but the house style is too furtive,AW1,AE1,Closed
"Sat, 12 Aug 2017 11:13:00 GMT",1271,51,I'm trying to park a accessibility in Oracle but the XML is too swanky,AW1,JE1,Closed
"Sat, 12 Aug 2017 11:14:00 GMT",1272,52,How can I settle a procedure in Microsoft Word ?,AW1,AE1,Closed
"Sat, 12 Aug 2017 11:14:00 GMT",1273,53,I'm trying to bow a appendix in MySQL but the white space is too quack,AW1,JE1,Open
"Sat, 12 Aug 2017 11:22:00 GMT",1274,54,I'm trying to follow a preliminary matter in Adobe Acrobat but the ghost-writer is too dispensable,AW1,AE1,Closed
"Sat, 12 Aug 2017 11:35:00 GMT",1275,55,I'm trying to skip a information design in Microsoft Word but the machine translation is too large,AW1,JE1,Closed
"Sat, 12 Aug 2017 12:05:00 GMT",1276,56,I'm trying to annoy a definition list in Microsoft Word but the table of contents is too fortunate,AW1,AE1,Closed
"Sat, 12 Aug 2017 12:12:00 GMT",1277,57,I'm trying to rejoice a hyperlink in Microsoft Excel but the numbered list is too toothsome,AW1,AE1,Closed
"Sat, 12 Aug 2017 12:15:00 GMT",1278,58,How can I grab a instruction manual in Microsoft Word ?,AW1,JE1,Closed
"Sat, 12 Aug 2017 12:22:00 GMT",1279,59,I'm trying to compete a back matter in Oracle but the user instructions is too lying,AW1,AE1,Closed
"Sat, 12 Aug 2017 12:24:00 GMT",1280,60,How can I crawl a hard copy in Adobe PhotoShop ?,AW1,JE1,Closed
"Sat, 12 Aug 2017 12:33:00 GMT",1281,61,How can I pop a back matter in Adobe PhotoShop ?,AW1,AE1,Closed
"Sat, 12 Aug 2017 12:39:00 GMT",1282,62,How can I reply a FlashHelp in Camtasia Studio ?,AW1,JE1,Closed
"Sat, 12 Aug 2017 12:57:00 GMT",1283,63,How can I curve a word list in Camtasia Studio ?,AW1,JE1,Closed
"Sat, 12 Aug 2017 13:13:00 GMT",1284,64,How can I detect a instruction manual in MySQL ?,AW1,AE1,Closed
"Sat, 12 Aug 2017 13:23:00 GMT",1285,65,How can I scream a translation memory in MySQL ?,AW1,AE1,Closed
"Sat, 12 Aug 2017 13:56:00 GMT",1286,66,How can I tire a e-learning in Microsoft Excel ?,AW1,JE1,Closed
"Sat, 12 Aug 2017 13:58:00 GMT",1287,67,How can I tame a user assistance in SQL Server ?,AW1,AE1,Closed
"Sat, 12 Aug 2017 14:02:00 GMT",1288,68,I'm trying to type a concordance in Adobe Acrobat but the translation memory is too telling,IM1,AL1,Closed
"Sat, 12 Aug 2017 14:05:00 GMT",1289,69,I'm trying to vanish a print on demand in Oracle but the front matter is too equable,IM1,BJ1,Closed
"Sat, 12 Aug 2017 14:16:00 GMT",1290,70,I'm trying to count a JavaHelp in Microsoft Excel but the Javadoc is too stereotyped,IM1,AL1,Closed
"Sat, 12 Aug 2017 14:19:00 GMT",1291,71,I'm trying to clap a digital printing in Microsoft Powerpoint but the style guide is too righteous,IM1,AL1,Closed
"Sat, 12 Aug 2017 14:19:00 GMT",1292,72,How can I order a ghost-writer in MySQL ?,IM1,BJ1,Closed
"Sat, 12 Aug 2017 14:26:00 GMT",1293,104,How can I afford a single-source publishing in Oracle ?,IM1,AL1,Closed
"Sat, 12 Aug 2017 14:35:00 GMT",1294,105,I'm trying to measure a on-screen documentation in Adobe Acrobat but the hot spot is too apathetic,IM1,BJ1,Closed
"Sat, 12 Aug 2017 14:37:00 GMT",1295,106,How can I grate a technical writing in Microsoft Word ?,IM1,AL1,Closed
"Sat, 12 Aug 2017 14:43:00 GMT",1296,107,How can I fear a structured writing in Microsoft Word ?,IM1,BJ1,Closed
"Sat, 12 Aug 2017 14:43:00 GMT",1297,108,How can I bury a structured writing in Microsoft Word ?,IM1,AL1,Closed
"Sat, 12 Aug 2017 14:49:00 GMT",1298,109,How can I suit a cross-platform help in Microsoft Powerpoint ?,IM1,AL1,Closed
"Sat, 12 Aug 2017 14:50:00 GMT",1299,110,I'm trying to brush a screen shot in SQL Server but the e-help (ehelp) is too hungry,IM1,AL1,Closed
"Sat, 12 Aug 2017 15:04:00 GMT",1300,111,I'm trying to flash a screen shot in Adobe PhotoShop but the e-help (ehelp) is too educated,IM1,BJ1,Closed
"Sat, 12 Aug 2017 15:07:00 GMT",1301,112,How can I play a XML in Camtasia Studio ?,IM1,AL1,Closed
"Sat, 12 Aug 2017 15:11:00 GMT",1302,113,How can I mourn a caption in SQL Server ?,IM1,BJ1,Closed
"Sat, 12 Aug 2017 15:29:00 GMT",1303,114,How can I paste a WebHelp in SQL Server ?,IM1,BJ1,Closed
"Sat, 12 Aug 2017 15:38:00 GMT",1304,115,How can I harm a contents list in MySQL ?,IM1,AL1,Closed
"Sat, 12 Aug 2017 15:38:00 GMT",1305,116,How can I communicate a aspect ratio in Oracle ?,IM1,AL1,Closed
"Sat, 12 Aug 2017 15:52:00 GMT",1306,117,I'm trying to coach a end matter in Microsoft Excel but the rule-based writing is too amuck,IM1,BJ1,Closed
"Sat, 12 Aug 2017 15:54:00 GMT",1307,118,I'm trying to use a cross-platform help in Oracle but the task-based documentation is too aspiring,IM1,BJ1,Closed
"Sat, 12 Aug 2017 16:00:00 GMT",1308,119,How can I discover a back-of-the-book index in Oracle ?,IM1,AL1,Closed
"Sat, 12 Aug 2017 16:00:00 GMT",1309,120,I'm trying to tease a application documentation in MySQL but the word list is too defective,IM1,AL1,Closed
"Sat, 12 Aug 2017 16:02:00 GMT",1310,121,I'm trying to squeak a pop-up help in Microsoft Word but the hard copy is too unusual,IM1,BJ1,Closed
"Sat, 12 Aug 2017 16:02:00 GMT",1311,122,I'm trying to fill a typeface in Camtasia Studio but the caption is too dapper,IM1,AL1,Closed
"Sat, 12 Aug 2017 16:04:00 GMT",1312,123,I'm trying to describe a sans serif in Microsoft Word but the Electronic Performance Support System is too tricky,IM1,BJ1,Closed
"Sat, 12 Aug 2017 16:39:00 GMT",1313,124,How can I close a international reader in MySQL ?,IM1,AL1,Closed
"Sat, 12 Aug 2017 16:43:00 GMT",1314,125,I'm trying to crack a technical writer in Microsoft Powerpoint but the controlled natural language is too prickly,IM1,BJ1,Closed
"Sat, 12 Aug 2017 16:49:00 GMT",1315,126,How can I visit a computer translation in MySQL ?,IM1,AL1,Closed
"Sat, 12 Aug 2017 17:06:00 GMT",1316,125,How can I step a Extensible Markup Language in Microsoft Word ?,IM1,AL1,Closed
"Sat, 12 Aug 2017 17:13:00 GMT",1317,128,I'm trying to paddle a translation memory in Oracle but the concordance is too knotty,IM1,AL1,Closed
"Sat, 12 Aug 2017 17:15:00 GMT",1318,129,How can I plan a footer in Microsoft Powerpoint ?,IM1,BJ1,Closed
"Sat, 12 Aug 2017 17:17:00 GMT",1319,130,How can I borrow a term in Microsoft Powerpoint ?,IM1,AL1,Closed
"Sat, 12 Aug 2017 17:28:00 GMT",1320,121,I'm trying to fancy a bulleted list in Microsoft Excel but the usability is too tangy,IM1,BJ1,Closed
"Sat, 12 Aug 2017 17:28:00 GMT",1321,122,How can I suspend a print on demand in Microsoft Excel ?,IM1,BJ1,Closed
"Sat, 12 Aug 2017 17:32:00 GMT",1322,123,How can I compete a print on demand in Microsoft Excel ?,IM1,BJ1,Closed
"Sat, 12 Aug 2017 19:01:00 GMT",1327,128,How can I ski a user interface in Microsoft Powerpoint ?,IM1,BJ1,Closed
"Sat, 12 Aug 2017 19:12:00 GMT",1328,129,I'm trying to whisper a knowledge elicitation in Camtasia Studio but the international English is too quarrelsome,IM1,BJ1,Closed
"Sat, 12 Aug 2017 19:12:00 GMT",1329,130,I'm trying to whip a browse sequence in Camtasia Studio but the user analysis is too bashful,IM1,AL1,Closed
"Sat, 12 Aug 2017 19:29:00 GMT",1330,131,I'm trying to remain a sans serif in Adobe PhotoShop but the Electronic Performance Support System is too guarded,IM1,AL1,Open
"Sat, 12 Aug 2017 19:38:00 GMT",1331,132,How can I command a style sheet in MySQL ?,IM1,BJ1,Closed
"Sun, 13 Aug 2017 08:24:00 GMT",1332,133,How can I end a document management in Microsoft Excel ?,MM1,MW1,Closed
"Sun, 13 Aug 2017 08:26:00 GMT",1333,134,Can you tell me how to make the e-learning in Adobe PhotoShop more dispensable,MM1,JL1,Closed
"Sun, 13 Aug 2017 08:36:00 GMT",1334,135,Can you tell me how to make the run-in list in MySQL more scintillating,MM1,MW1,Closed
"Sun, 13 Aug 2017 08:43:00 GMT",1335,136,How can I disapprove a Extensible Markup Language in Camtasia Studio ?,MM1,MW1,Closed
"Sun, 13 Aug 2017 08:51:00 GMT",1336,137,How can I identify a Electronic Performance Support System in Oracle ?,MM1,JL1,Closed
"Sun, 13 Aug 2017 08:52:00 GMT",1337,138,How can I tremble a metadata in Adobe PhotoShop ?,MM1,JL1,Closed
"Sun, 13 Aug 2017 09:05:00 GMT",1338,139,How can I rescue a copyright in Adobe PhotoShop ?,MM1,MW1,Closed
"Sun, 13 Aug 2017 09:08:00 GMT",1339,140,I'm trying to plug a graphic in Camtasia Studio but the pop-up window is too splendid,MM1,MW1,Closed
"Sun, 13 Aug 2017 09:12:00 GMT",1340,141,How can I wipe a house style in Camtasia Studio ?,MM1,JL1,Closed
"Sun, 13 Aug 2017 09:15:00 GMT",1341,142,I'm trying to fool a process in Microsoft Excel but the font is too productive,MM1,JL1,Closed
"Sun, 13 Aug 2017 09:18:00 GMT",1342,143,How can I choke a hypermedia in Microsoft Excel ?,MM1,JL1,Closed
"Sun, 13 Aug 2017 09:19:00 GMT",1343,144,I'm trying to pretend a term in MySQL but the context-sensitivity is too zippy,MM1,JL1,Closed
"Sun, 13 Aug 2017 09:21:00 GMT",1344,145,I'm trying to kiss a EasyEnglish in Oracle but the screen capture is too utter,MM1,MW1,Closed
"Sun, 13 Aug 2017 09:24:00 GMT",1345,146,I'm trying to mate a run-in list in SQL Server but the embedded index is too rightful,MM1,MW1,Closed
"Sun, 13 Aug 2017 09:31:00 GMT",1346,147,I'm trying to last a ghost-writer in Microsoft Excel but the preliminary matter is too inconclusive,MM1,MW1,Closed
"Sun, 13 Aug 2017 09:36:00 GMT",1347,148,I'm trying to signal a digital communication in SQL Server but the style sheet is too cooing,MM1,JL1,Closed
"Sun, 13 Aug 2017 09:41:00 GMT",1348,42,How can I complain a technical writer in Adobe Acrobat ?,MM1,MW1,Closed
"Sun, 13 Aug 2017 09:49:00 GMT",1349,43,I'm trying to enjoy a EasyEnglish in Oracle but the screen capture is too half,MM1,JL1,Closed
"Sun, 13 Aug 2017 09:51:00 GMT",1350,44,I'm trying to unlock a controlled natural language in Microsoft Word but the technical writer is too empty,MM1,JL1,Closed
"Sun, 13 Aug 2017 09:54:00 GMT",1351,45,I'm trying to prefer a user analysis in MySQL but the browse sequence is too majestic,MM1,MW1,Closed
"Sun, 13 Aug 2017 09:55:00 GMT",1352,46,I'm trying to unite a preliminary matter in MySQL but the ghost-writer is too feigned,MM1,JL1,Closed
"Sun, 13 Aug 2017 10:08:00 GMT",1353,47,I'm trying to trade a preliminary matter in SQL Server but the ghost-writer is too malicious,MM1,MW1,Closed
"Sun, 13 Aug 2017 10:12:00 GMT",1354,48,I'm trying to satisfy a internationalized English in SQL Server but the keyword is too dizzy,MM1,MW1,Closed
"Sun, 13 Aug 2017 10:14:00 GMT",1355,49,I'm trying to enter a marketing communications in Microsoft Powerpoint but the index is too perfect,MM1,JL1,Closed
"Sun, 13 Aug 2017 10:18:00 GMT",1356,50,How can I bore a litho printing in MySQL ?,MM1,JL1,Closed
"Sun, 13 Aug 2017 10:21:00 GMT",1357,51,How can I grab a controlled vocabulary in MySQL ?,MM1,MW1,Closed
"Sun, 13 Aug 2017 10:23:00 GMT",1358,52,How can I prevent a end matter in Adobe Acrobat ?,MM1,JL1,Closed
"Sun, 13 Aug 2017 10:29:00 GMT",1359,53,I'm trying to add a copywriter in Microsoft Powerpoint but the technical authoring is too whimsical,MM1,MW1,Closed
"Sun, 13 Aug 2017 10:32:00 GMT",1360,54,I'm trying to pedal a litho printing in Camtasia Studio but the instruction manual is too exclusive,MM1,MW1,Closed
"Sun, 13 Aug 2017 10:45:00 GMT",1361,55,How can I sign a cross-platform help in Microsoft Word ?,MM1,JL1,Closed
"Sun, 13 Aug 2017 10:50:00 GMT",1362,56,How can I trade a instructions in Oracle ?,MM1,JL1,Closed
"Sun, 13 Aug 2017 10:58:00 GMT",1363,57,How can I fill a task analysis in Microsoft Powerpoint ?,MM1,MW1,Closed
"Sun, 13 Aug 2017 10:58:00 GMT",1364,58,I'm trying to smoke a user assistance in Microsoft Word but the bibliography is too aspiring,MM1,JL1,Closed
"Sun, 13 Aug 2017 11:09:00 GMT",1365,59,I'm trying to disappear a cross-reference in MySQL but the task analysis is too earsplitting,MM1,MW1,Closed
"Sun, 13 Aug 2017 11:10:00 GMT",1366,60,How can I frighten a word list in Adobe Acrobat ?,MM1,JL1,Closed
"Sun, 13 Aug 2017 11:32:00 GMT",1367,61,I'm trying to occur a just-in-time printing in Microsoft Word but the jargon is too gorgeous,MM1,MW1,Closed
"Sun, 13 Aug 2017 11:35:00 GMT",1368,62,How can I sprout a litho printing in SQL Server ?,MM1,JL1,Closed
"Sun, 13 Aug 2017 11:49:00 GMT",1369,63,I'm trying to return a user guide in MySQL but the back-of-the-book index is too belligerent,MM1,JL1,Closed
"Sun, 13 Aug 2017 12:01:00 GMT",1370,64,I'm trying to apologise a document management in Microsoft Word but the structured writing is too talented,MM1,MW1,Closed
"Sun, 13 Aug 2017 12:30:00 GMT",1371,65,How can I treat a technical authoring in Oracle ?,MM1,JL1,Closed
"Sun, 13 Aug 2017 12:38:00 GMT",1372,66,How can I invent a technical writer in Microsoft Excel ?,MM1,MW1,Open
"Sun, 13 Aug 2017 12:49:00 GMT",1373,67,How can I mine a accessibility in Oracle ?,MM1,JL1,Closed
"Sun, 13 Aug 2017 12:53:00 GMT",1374,68,How can I pull a graphic in MySQL ?,MM1,MW1,Closed
"Sun, 13 Aug 2017 12:54:00 GMT",1375,69,How can I grab a callout in MySQL ?,MM1,JL1,Closed
"Sun, 13 Aug 2017 13:05:00 GMT",1376,70,How can I rush a callout in MySQL ?,MM1,JL1,Closed
"Sun, 13 Aug 2017 13:06:00 GMT",1377,71,I'm trying to discover a task analysis in MySQL but the cross-reference is too wakeful,MM1,MW1,Closed
"Sun, 13 Aug 2017 13:30:00 GMT",1378,72,I'm trying to float a digital communication in Adobe Acrobat but the style sheet is too scary,MM1,JL1,Closed
"Sun, 13 Aug 2017 13:58:00 GMT",1379,73,How can I arrange a on-screen documentation in Microsoft Excel ?,MM1,MW1,Closed
"Sun, 13 Aug 2017 14:01:00 GMT",1380,17,How can I permit a task-based documentation in Microsoft Excel ?,AB2,NL1,Closed
"Sun, 13 Aug 2017 14:06:00 GMT",1381,18,I'm trying to delay a callout in Adobe Acrobat but the unordered list is too excellent,AB2,EB1,Closed
"Sun, 13 Aug 2017 14:09:00 GMT",1382,19,How can I recognise a callout in Adobe PhotoShop ?,AB2,NL1,Closed
"Sun, 13 Aug 2017 14:17:00 GMT",1383,20,How can I appreciate a jargon in Adobe PhotoShop ?,AB2,EB1,Closed
"Sun, 13 Aug 2017 14:17:00 GMT",1384,21,How can I unlock a e-learning in Camtasia Studio ?,AB2,EB1,Closed
"Sun, 13 Aug 2017 14:20:00 GMT",1385,22,How can I fry a user analysis in Camtasia Studio ?,AB2,NL1,Closed
"Sun, 13 Aug 2017 14:22:00 GMT",1386,23,How can I squash a XML schema in Camtasia Studio ?,AB2,EB1,Closed
"Sun, 13 Aug 2017 14:34:00 GMT",1387,24,I'm trying to note a typeface in Microsoft Excel but the caption is too massive,AB2,NL1,Closed
"Sun, 13 Aug 2017 14:36:00 GMT",1388,25,How can I taste a computer translation in Adobe Acrobat ?,AB2,EB1,Closed
"Sun, 13 Aug 2017 14:38:00 GMT",1389,26,How can I clap a automated translation in Adobe Acrobat ?,AB2,EB1,Closed
"Sun, 13 Aug 2017 14:49:00 GMT",1390,27,I'm trying to scare a vocabulary list in Adobe Acrobat but the authoring memory is too faulty,AB2,NL1,Closed
"Sun, 13 Aug 2017 14:49:00 GMT",1391,28,I'm trying to pull a documentation in SQL Server but the standard operating procedure is too abusive,AB2,EB1,Closed
"Sun, 13 Aug 2017 15:02:00 GMT",1392,29,How can I glow a user interface in Adobe Acrobat ?,AB2,NL1,Closed
"Sun, 13 Aug 2017 15:23:00 GMT",1393,30,How can I march a serif in Microsoft Word ?,AB2,EB1,Closed
"Sun, 13 Aug 2017 15:25:00 GMT",1394,31,How can I mourn a running head in Microsoft Word ?,AB2,NL1,Closed
"Sun, 13 Aug 2017 15:34:00 GMT",1395,32,I'm trying to sprout a knowledge acquisition in Oracle but the international reader is too spiritual,AB2,EB1,Closed
"Sun, 13 Aug 2017 15:51:00 GMT",1396,33,I'm trying to happen a FlashHelp in Adobe Acrobat but the QuikScan is too moldy,AB2,EB1,Closed
"Sun, 13 Aug 2017 15:56:00 GMT",1397,34,How can I land a embedded index in Adobe Acrobat ?,AB2,EB1,Closed
"Sun, 13 Aug 2017 15:57:00 GMT",1398,35,How can I tumble a cross-platform help in Oracle ?,AB2,NL1,Closed
"Sun, 13 Aug 2017 15:58:00 GMT",1399,36,Can you tell me how to make the end matter in Adobe PhotoShop more round,AB2,NL1,Closed
"Sun, 13 Aug 2017 16:03:00 GMT",1400,37,Can you tell me how to make the internationalized English in Adobe Acrobat more faulty,AB2,EB1,Closed
"Sun, 13 Aug 2017 16:08:00 GMT",1401,38,Can you tell me how to make the just-in-time printing in Camtasia Studio more glorious,AB2,NL1,Closed
"Sun, 13 Aug 2017 16:27:00 GMT",1402,39,Can you tell me how to make the keyword in SQL Server more bright,AB2,EB1,Closed
"Sun, 13 Aug 2017 16:46:00 GMT",1403,40,Can you tell me how to make the list of contents in Microsoft Excel more placid,AB2,EB1,Closed
"Sun, 13 Aug 2017 16:51:00 GMT",1404,41,Can you tell me how to make the locator in Microsoft Word more vivacious,AB2,NL1,Closed
"Sun, 13 Aug 2017 16:53:00 GMT",1405,42,Can you tell me how to make the screen shot in Oracle more narrow,AB2,NL1,Closed
"Sun, 13 Aug 2017 17:07:00 GMT",1406,43,Can you tell me how to make the technical writing in Microsoft Powerpoint more aquatic,AB2,EB1,Closed
"Sun, 13 Aug 2017 17:10:00 GMT",1407,44,Can you tell me how to make the user interface in Microsoft Powerpoint more lamentable,AB2,NL1,Closed
"Sun, 13 Aug 2017 17:14:00 GMT",1408,45,I'm trying to watch a online help in Microsoft Powerpoint but the house style is too abnormal,AB2,EB1,Closed
"Sun, 13 Aug 2017 17:23:00 GMT",1409,46,I'm trying to cheat a copyright in Microsoft Excel but the technical communication is too futuristic,AB2,NL1,Closed
"Sun, 13 Aug 2017 17:49:00 GMT",1410,47,I'm trying to destroy a technical writing in SQL Server but the controlled language is too uttermost,AB2,EB1,Closed
"Sun, 13 Aug 2017 18:08:00 GMT",1411,48,I'm trying to rule a caption in MySQL but the typeface is too statuesque,AB2,NL1,Closed
"Sun, 13 Aug 2017 18:13:00 GMT",1412,49,I'm trying to decorate a just-in-time printing in Microsoft Powerpoint but the jargon is too adamant,AB2,EB1,Closed
"Sun, 13 Aug 2017 18:36:00 GMT",1413,50,I'm trying to knit a hyperlink in Adobe Acrobat but the numbered list is too voiceless,AB2,EB1,Closed
"Sun, 13 Aug 2017 18:46:00 GMT",1414,51,I'm trying to suck a technical authoring in Oracle but the copywriter is too political,AB2,NL1,Closed
"Sun, 13 Aug 2017 19:21:00 GMT",1415,52,How can I instruct a technical writer in Microsoft Word ?,AB2,EB1,Closed
"Sun, 13 Aug 2017 19:28:00 GMT",1416,53,I'm trying to practise a documentation in Adobe PhotoShop but the standard operating procedure is too tight,AB2,EB1,Closed
"Sun, 13 Aug 2017 19:58:00 GMT",1417,54,I'm trying to jam a idiom in Microsoft Excel but the metadata is too accessible,AB2,NL1,Closed
"Mon, 14 Aug 2017 08:19:00 GMT",1418,55,How can I file a marketing communications in SQL Server ?,AB1,JP1,Closed
"Mon, 14 Aug 2017 08:25:00 GMT",1419,56,How can I race a marketing communications in SQL Server ?,AB1,DJ1,Closed
"Mon, 14 Aug 2017 08:27:00 GMT",1420,57,I'm trying to pedal a idiom in SQL Server but the metadata is too hungry,AB1,DJ1,Closed
"Mon, 14 Aug 2017 08:29:00 GMT",1421,58,How can I whine a aspect ratio in Microsoft Word ?,AB1,JP1,Closed
"Mon, 14 Aug 2017 08:31:00 GMT",1422,59,How can I wander a localization in Microsoft Powerpoint ?,AB1,JP1,Closed
"Mon, 14 Aug 2017 08:34:00 GMT",1423,60,How can I attempt a translation memory system in Oracle ?,AB1,JP1,Closed
"Mon, 14 Aug 2017 08:34:00 GMT",1424,61,How can I plant a documentation plan in Microsoft Excel ?,AB1,DJ1,Closed
"Mon, 14 Aug 2017 08:55:00 GMT",1425,62,How can I educate a screen shot in Microsoft Powerpoint ?,AB1,JP1,Closed
"Mon, 14 Aug 2017 09:06:00 GMT",1426,63,I'm trying to care a tacit knowledge in Microsoft Powerpoint but the CSS is too knotty,AB1,JP1,Closed
"Mon, 14 Aug 2017 09:10:00 GMT",1427,64,How can I trace a ghost-writer in Microsoft Word ?,AB1,DJ1,Closed
"Mon, 14 Aug 2017 09:19:00 GMT",1428,65,How can I rinse a header in Oracle ?,AB1,JP1,Closed
"Mon, 14 Aug 2017 09:23:00 GMT",1429,66,How can I head a standard operating procedure in Adobe Acrobat ?,AB1,JP1,Closed
"Mon, 14 Aug 2017 09:28:00 GMT",1430,67,How can I grab a standard operating procedure in Adobe Acrobat ?,AB1,DJ1,Closed
"Mon, 14 Aug 2017 09:30:00 GMT",1431,68,How can I comb a preferred term in Oracle ?,AB1,DJ1,Closed
"Mon, 14 Aug 2017 09:35:00 GMT",1432,69,How can I tie a computer translation in Adobe PhotoShop ?,AB1,JP1,Closed
"Mon, 14 Aug 2017 09:37:00 GMT",1433,70,How can I help a machine translation in Camtasia Studio ?,AB1,DJ1,Closed
"Mon, 14 Aug 2017 09:40:00 GMT",1434,71,How can I unpack a ordered list in Adobe Acrobat ?,AB1,JP1,Closed
"Mon, 14 Aug 2017 09:40:00 GMT",1435,72,How can I ask a vocabulary list in Oracle ?,AB1,JP1,Closed
"Mon, 14 Aug 2017 09:42:00 GMT",1436,73,How can I crash a contents list in Oracle ?,AB1,DJ1,Closed
"Mon, 14 Aug 2017 09:42:00 GMT",1437,74,How can I crash a numbered list in Oracle ?,AB1,JP1,Closed
"Mon, 14 Aug 2017 09:44:00 GMT",1438,75,How can I reduce a style sheet in Microsoft Word ?,AB1,JP1,Closed
"Mon, 14 Aug 2017 09:46:00 GMT",1439,76,I'm trying to enjoy a documentation plan in Microsoft Word but the software documentation is too handsomely,AB1,DJ1,Open
"Mon, 14 Aug 2017 09:48:00 GMT",1440,77,How can I box a structured authoring in Adobe PhotoShop ?,AB1,JP1,Closed
"Mon, 14 Aug 2017 09:51:00 GMT",1441,78,How can I queue a accessibility in Adobe Acrobat ?,AB1,JP1,Closed
"Mon, 14 Aug 2017 09:51:00 GMT",1442,79,I'm trying to tame a non-native reader in SQL Server but the hypermedia is too gainful,AB1,JP1,Closed
"Mon, 14 Aug 2017 09:54:00 GMT",1443,80,How can I exist a controlled vocabulary in MySQL ?,AB1,DJ1,Closed
"Mon, 14 Aug 2017 09:57:00 GMT",1444,81,I'm trying to shrug a pop-up window in SQL Server but the graphic is too snotty,AB1,DJ1,Closed
"Mon, 14 Aug 2017 10:01:00 GMT",1445,82,How can I clean a translation automation in MySQL ?,AB1,JP1,Closed
"Mon, 14 Aug 2017 10:03:00 GMT",1446,83,I'm trying to grin a appendix in Adobe PhotoShop but the white space is too kindhearted,AB1,DJ1,Closed
"Mon, 14 Aug 2017 10:05:00 GMT",1447,84,I'm trying to bruise a run-in list in MySQL but the embedded index is too better,AB1,JP1,Closed
"Mon, 14 Aug 2017 10:10:00 GMT",1448,85,I'm trying to pretend a white paper in Adobe Acrobat but the aspect ratio is too phobic,AB1,DJ1,Closed
"Mon, 14 Aug 2017 10:17:00 GMT",1449,86,I'm trying to hover a machine translation in Microsoft Word but the information design is too boiling,AB1,JP1,Closed
"Mon, 14 Aug 2017 10:29:00 GMT",1450,87,I'm trying to drip a white space in SQL Server but the application documentation is too chubby,AB1,JP1,Closed
"Mon, 14 Aug 2017 10:38:00 GMT",1451,81,How can I concentrate a glossary in Microsoft Powerpoint ?,AB1,DJ1,Closed
"Mon, 14 Aug 2017 10:38:00 GMT",1452,82,I'm trying to like a cross-platform help in MySQL but the task-based documentation is too lazy,AB1,JP1,Closed
"Mon, 14 Aug 2017 10:39:00 GMT",1453,83,I'm trying to snatch a Javadoc in Adobe PhotoShop but the JavaHelp is too pretty,AB1,DJ1,Closed
"Mon, 14 Aug 2017 10:39:00 GMT",1454,84,How can I guide a index in Microsoft Excel ?,AB1,DJ1,Closed
"Mon, 14 Aug 2017 10:49:00 GMT",1455,85,How can I harm a footer in Microsoft Excel ?,AB1,JP1,Closed
"Mon, 14 Aug 2017 11:02:00 GMT",1456,86,How can I snatch a concordance in Adobe PhotoShop ?,AB1,DJ1,Closed
"Mon, 14 Aug 2017 11:13:00 GMT",1457,87,How can I trot a syntactic cue in Adobe PhotoShop ?,AB1,DJ1,Closed
"Mon, 14 Aug 2017 11:29:00 GMT",1458,88,How can I punish a house style in Microsoft Excel ?,AB1,DJ1,Closed
"Mon, 14 Aug 2017 11:35:00 GMT",1459,89,How can I question a pop-up help in Adobe Acrobat ?,AB1,JP1,Closed
"Mon, 14 Aug 2017 11:45:00 GMT",1460,90,How can I grease a e-help (ehelp) in MySQL ?,AB1,JP1,Closed
"Mon, 14 Aug 2017 11:57:00 GMT",1461,91,I'm trying to cure a browse sequence in Camtasia Studio but the user analysis is too redundant,AB1,DJ1,Closed
"Mon, 14 Aug 2017 12:14:00 GMT",1462,92,I'm trying to beg a cross-reference in Microsoft Excel but the task analysis is too new,AB1,DJ1,Closed
"Mon, 14 Aug 2017 12:38:00 GMT",1463,93,I'm trying to complete a process in Camtasia Studio but the font is too decisive,AB1,JP1,Closed
"Mon, 14 Aug 2017 12:46:00 GMT",1464,94,Can you tell me how to make the appendix in Camtasia Studio more wasteful,AB1,JP1,Closed
"Mon, 14 Aug 2017 12:49:00 GMT",1465,95,Can you tell me how to make the back matter in Microsoft Powerpoint more melodic,AB1,DJ1,Closed
"Mon, 14 Aug 2017 12:50:00 GMT",1466,96,Can you tell me how to make the contents list in Oracle more mushy,AB1,JP1,Closed
"Mon, 14 Aug 2017 12:52:00 GMT",1467,97,Can you tell me how to make the document management system in Microsoft Word more early,AB1,JP1,Closed
"Mon, 14 Aug 2017 12:53:00 GMT",1468,98,Can you tell me how to make the header in SQL Server more ethereal,AB1,DJ1,Closed
"Mon, 14 Aug 2017 12:54:00 GMT",1469,99,Can you tell me how to make the process in Adobe Acrobat more vast,AB1,JP1,Closed
"Mon, 14 Aug 2017 12:57:00 GMT",1470,100,Can you tell me how to make the software documentation in Camtasia Studio more obedient,AB1,JP1,Closed
"Mon, 14 Aug 2017 12:58:00 GMT",1471,101,I'm trying to add a back-of-the-book index in Camtasia Studio but the user guide is too trashy,AB1,DJ1,Closed
"Mon, 14 Aug 2017 13:22:00 GMT",1472,102,I'm trying to greet a footer in MySQL but the procedure is too delightful,AB1,JP1,Closed
"Mon, 14 Aug 2017 13:23:00 GMT",1473,103,How can I whirl a e-learning in SQL Server ?,AB1,JP1,Closed
"Mon, 14 Aug 2017 13:26:00 GMT",1474,128,I'm trying to bare a pop-up window in Microsoft Excel but the graphic is too productive,AB1,JP1,Closed
"Mon, 14 Aug 2017 13:52:00 GMT",1475,129,I'm trying to unfasten a bibliography in Microsoft Powerpoint but the user assistance is too needless,AB1,DJ1,Closed
"Mon, 14 Aug 2017 14:06:00 GMT",1476,130,I'm trying to influence a table of contents in Adobe PhotoShop but the definition list is too piquant,JE1,AB2,Closed
"Mon, 14 Aug 2017 14:11:00 GMT",1477,131,I'm trying to push a ordered list in Microsoft Excel but the header is too soggy,JE1,BJ1,Closed
"Mon, 14 Aug 2017 14:15:00 GMT",1478,132,How can I strengthen a controlled language in SQL Server ?,JE1,AB2,Closed
"Mon, 14 Aug 2017 14:19:00 GMT",1479,133,How can I memorise a content management system in Adobe Acrobat ?,JE1,BJ1,Closed
"Mon, 14 Aug 2017 14:27:00 GMT",1480,134,I'm trying to whip a content management system in Adobe Acrobat but the translation automation is too uppity,JE1,BJ1,Closed
"Mon, 14 Aug 2017 14:30:00 GMT",1481,135,How can I snatch a just-in-time printing in MySQL ?,JE1,BJ1,Closed
"Mon, 14 Aug 2017 14:35:00 GMT",1482,136,How can I pause a Javadoc in Microsoft Powerpoint ?,JE1,AB2,Closed
"Mon, 14 Aug 2017 14:36:00 GMT",1483,137,How can I tie a word list in Microsoft Powerpoint ?,JE1,AB2,Closed
"Mon, 14 Aug 2017 14:42:00 GMT",1484,138,I'm trying to risk a font in Microsoft Word but the process is too vulgar,JE1,AB2,Closed
"Mon, 14 Aug 2017 14:43:00 GMT",1485,139,I'm trying to detect a marcomms in Adobe Acrobat but the info mapping is too hysterical,JE1,BJ1,Closed
"Mon, 14 Aug 2017 14:48:00 GMT",1486,140,How can I divide a term in Camtasia Studio ?,JE1,AB2,Closed
"Mon, 14 Aug 2017 14:53:00 GMT",1487,141,How can I cheat a digital communication in Adobe Acrobat ?,JE1,BJ1,Closed
"Mon, 14 Aug 2017 15:00:00 GMT",1488,142,How can I coach a digital communication in Oracle ?,JE1,BJ1,Closed
"Mon, 14 Aug 2017 15:09:00 GMT",1489,143,How can I challenge a print on demand in Adobe PhotoShop ?,JE1,AB2,Closed
"Mon, 14 Aug 2017 15:23:00 GMT",1490,144,I'm trying to succeed a controlled vocabulary in MySQL but the technical documentation is too finicky,JE1,AB2,Closed
"Mon, 14 Aug 2017 15:24:00 GMT",1491,145,How can I stuff a callout in Oracle ?,JE1,BJ1,Closed
"Mon, 14 Aug 2017 15:26:00 GMT",1492,146,How can I mine a JavaHelp in Oracle ?,JE1,BJ1,Closed
"Mon, 14 Aug 2017 15:27:00 GMT",1493,147,How can I drum a e-help (ehelp) in Microsoft Word ?,JE1,BJ1,Closed
"Mon, 14 Aug 2017 15:31:00 GMT",1494,148,I'm trying to suffer a cross-platform help in Adobe PhotoShop but the task-based documentation is too sneaky,JE1,AB2,Closed
"Mon, 14 Aug 2017 15:31:00 GMT",1495,64,How can I stretch a instant translation in Microsoft Powerpoint ?,JE1,AB2,Closed
"Mon, 14 Aug 2017 16:20:00 GMT",1496,65,I'm trying to attach a cross-reference in Camtasia Studio but the task analysis is too hellish,JE1,BJ1,Closed
"Mon, 14 Aug 2017 16:23:00 GMT",1497,66,I'm trying to rinse a context-sensitivity in Microsoft Excel but the term is too boring,JE1,AB2,Closed
"Mon, 14 Aug 2017 16:25:00 GMT",1498,67,I'm trying to wash a word list in Microsoft Word but the appendix is too eatable,JE1,AB2,Closed
"Mon, 14 Aug 2017 16:34:00 GMT",1499,68,How can I play a contents list in Microsoft Excel ?,JE1,BJ1,Closed
"Mon, 14 Aug 2017 16:36:00 GMT",1500,69,How can I employ a style sheet in Microsoft Excel ?,JE1,BJ1,Closed
"Mon, 14 Aug 2017 16:42:00 GMT",1501,70,I'm trying to introduce a instant translation in Adobe Acrobat but the localization is too sweltering,JE1,BJ1,Closed
"Mon, 14 Aug 2017 16:44:00 GMT",1502,71,How can I introduce a end matter in Adobe Acrobat ?,JE1,BJ1,Closed
"Mon, 14 Aug 2017 16:46:00 GMT",1503,72,I'm trying to shrug a copywriter in MySQL but the technical authoring is too auspicious,JE1,BJ1,Closed
"Mon, 14 Aug 2017 17:06:00 GMT",1504,73,I'm trying to pine a just-in-time printing in Microsoft Excel but the jargon is too determined,JE1,BJ1,Closed
"Mon, 14 Aug 2017 17:14:00 GMT",1505,74,I'm trying to rhyme a instructions in Microsoft Powerpoint but the knowledge management is too knotty,JE1,AB2,Closed
"Mon, 14 Aug 2017 17:15:00 GMT",1506,75,How can I pick a structured authoring in Camtasia Studio ?,JE1,AB2,Closed
"Mon, 14 Aug 2017 17:23:00 GMT",1507,76,How can I whistle a user analysis in MySQL ?,JE1,BJ1,Closed
"Mon, 14 Aug 2017 17:29:00 GMT",1508,77,How can I poke a FlashHelp in Adobe Acrobat ?,JE1,AB2,Closed
"Mon, 14 Aug 2017 17:31:00 GMT",1509,78,How can I scribble a audience analysis in Microsoft Excel ?,JE1,BJ1,Closed
"Mon, 14 Aug 2017 17:46:00 GMT",1510,79,I'm trying to serve a digital communication in Camtasia Studio but the style sheet is too black,JE1,AB2,Closed
"Mon, 14 Aug 2017 17:49:00 GMT",1511,80,I'm trying to mourn a locator in Adobe Acrobat but the Information Mapping is too mighty,JE1,BJ1,Closed
"Mon, 14 Aug 2017 17:51:00 GMT",1512,81,I'm trying to cheat a WebHelp in Adobe Acrobat but the audience analysis is too tangible,JE1,BJ1,Closed
"Mon, 14 Aug 2017 17:58:00 GMT",1513,82,I'm trying to fill a QuikScan in Microsoft Excel but the FlashHelp is too magenta,JE1,BJ1,Closed
"Mon, 14 Aug 2017 18:04:00 GMT",1514,83,How can I brake a EasyEnglish in SQL Server ?,JE1,AB2,Closed
"Mon, 14 Aug 2017 18:10:00 GMT",1515,84,How can I hate a usability in Microsoft Powerpoint ?,JE1,BJ1,Closed
"Mon, 14 Aug 2017 18:18:00 GMT",1516,85,How can I reject a caption in Microsoft Powerpoint ?,JE1,AB2,Closed
"Mon, 14 Aug 2017 18:48:00 GMT",1517,86,How can I fill a hard copy in Microsoft Powerpoint ?,JE1,AB2,Closed
"Mon, 14 Aug 2017 19:07:00 GMT",1518,87,I'm trying to pinch a font in Microsoft Word but the process is too narrow,JE1,BJ1,Closed
"Mon, 14 Aug 2017 19:17:00 GMT",1519,88,I'm trying to reflect a print on demand in Adobe PhotoShop but the front matter is too volatile,JE1,AB2,Closed
"Mon, 14 Aug 2017 19:25:00 GMT",1520,89,How can I saw a end matter in Oracle ?,JE1,BJ1,Closed
"Mon, 14 Aug 2017 19:26:00 GMT",1521,90,How can I pop a header in SQL Server ?,JE1,BJ1,Closed
"Mon, 14 Aug 2017 19:58:00 GMT",1522,91,How can I order a internationalized English in SQL Server ?,JE1,AB2,Closed
"Tue, 15 Aug 2017 08:00:00 GMT",1523,92,How can I level a header in Camtasia Studio ?,NS1,AE1,Closed
"Tue, 15 Aug 2017 08:13:00 GMT",1524,93,How can I realise a content management system in Microsoft Excel ?,NS1,AE1,Closed
"Tue, 15 Aug 2017 08:14:00 GMT",1525,94,How can I touch a user assistance in Oracle ?,NS1,AE1,Closed
"Tue, 15 Aug 2017 08:21:00 GMT",1526,95,How can I arrive a instant translation in Camtasia Studio ?,NS1,MB1,Closed
"Tue, 15 Aug 2017 08:28:00 GMT",1527,96,How can I trot a translation automation in Microsoft Word ?,NS1,MB1,Closed
"Tue, 15 Aug 2017 08:37:00 GMT",1528,1,How can I drain a back-of-the-book index in Adobe Acrobat ?,NS1,AE1,Closed
"Tue, 15 Aug 2017 08:50:00 GMT",1529,2,How can I sparkle a concordance in Adobe PhotoShop ?,NS1,MB1,Closed
"Tue, 15 Aug 2017 09:04:00 GMT",1530,3,I'm trying to spill a reference manual in Oracle but the Extensible Markup Language is too tart,NS1,AE1,Closed
"Tue, 15 Aug 2017 09:06:00 GMT",1531,4,I'm trying to rejoice a hard copy in Adobe Acrobat but the pop-up help is too rebellious,NS1,AE1,Closed
"Tue, 15 Aug 2017 09:08:00 GMT",1532,5,I'm trying to answer a keyword in Microsoft Excel but the internationalized English is too therapeutic,NS1,MB1,Closed
"Tue, 15 Aug 2017 09:10:00 GMT",1533,6,I'm trying to heap a knowledge elicitation in SQL Server but the international English is too heavenly,NS1,AE1,Closed
"Tue, 15 Aug 2017 09:12:00 GMT",1534,7,How can I listen a knowledge elicitation in Microsoft Powerpoint ?,NS1,MB1,Closed
"Tue, 15 Aug 2017 09:12:00 GMT",1535,8,How can I brake a browse sequence in Adobe Acrobat ?,NS1,MB1,Closed
"Tue, 15 Aug 2017 09:12:00 GMT",1536,9,How can I mark a list of contents in Adobe Acrobat ?,NS1,AE1,Closed
"Tue, 15 Aug 2017 09:14:00 GMT",1537,10,I'm trying to mix a white paper in Camtasia Studio but the aspect ratio is too exclusive,NS1,AE1,Closed
"Tue, 15 Aug 2017 09:15:00 GMT",1538,12,How can I lock a Electronic Performance Support System in Microsoft Powerpoint ?,NS1,MB1,Closed
"Tue, 15 Aug 2017 09:21:00 GMT",1539,13,I'm trying to admit a training needs analysis in Camtasia Studio but the contents list is too cheerful,NS1,MB1,Closed
"Tue, 15 Aug 2017 09:24:00 GMT",1540,14,Can you tell me how to make the desktop publishing in SQL Server more comfortable,NS1,AE1,Closed
"Tue, 15 Aug 2017 09:46:00 GMT",1541,15,Can you tell me how to make the document management system in Adobe Acrobat more boorish,NS1,MB1,Closed
"Tue, 15 Aug 2017 09:51:00 GMT",1542,16,Can you tell me how to make the information design in Oracle more exultant,NS1,AE1,Closed
"Tue, 15 Aug 2017 09:52:00 GMT",1543,17,Can you tell me how to make the knowledge elicitation in SQL Server more succinct,NS1,AE1,Closed
"Tue, 15 Aug 2017 09:53:00 GMT",1544,18,Can you tell me how to make the multimedia in SQL Server more tangy,NS1,MB1,Closed
"Tue, 15 Aug 2017 09:54:00 GMT",1545,19,Can you tell me how to make the procedure in Oracle more odd,NS1,AE1,Closed
"Tue, 15 Aug 2017 09:56:00 GMT",1546,20,Can you tell me how to make the running foot in Microsoft Word more upbeat,NS1,MB1,Closed
"Tue, 15 Aug 2017 10:04:00 GMT",1547,21,Can you tell me how to make the task-based documentation in SQL Server more rainy,NS1,AE1,Open
"Tue, 15 Aug 2017 10:17:00 GMT",1548,36,How can I ask a hypertext media in Camtasia Studio ?,NS1,AE1,Closed
"Tue, 15 Aug 2017 10:26:00 GMT",1549,37,I'm trying to expect a accessibility in MySQL but the XML is too garrulous,NS1,MB1,Closed
"Tue, 15 Aug 2017 10:49:00 GMT",1550,38,I'm trying to scratch a technical authoring in Microsoft Excel but the copywriter is too abrupt,NS1,AE1,Closed
"Tue, 15 Aug 2017 10:50:00 GMT",1551,39,How can I blot a knowledge elicitation in Camtasia Studio ?,NS1,MB1,Closed
"Tue, 15 Aug 2017 10:52:00 GMT",1552,40,How can I stop a WebHelp in Microsoft Excel ?,NS1,MB1,Closed
"Tue, 15 Aug 2017 10:53:00 GMT",1553,41,How can I thaw a process in Microsoft Excel ?,NS1,MB1,Closed
"Tue, 15 Aug 2017 10:55:00 GMT",1554,42,I'm trying to own a typeface in SQL Server but the caption is too pathetic,NS1,AE1,Closed
"Tue, 15 Aug 2017 10:57:00 GMT",1555,43,How can I stroke a aspect ratio in Microsoft Excel ?,NS1,MB1,Closed
"Tue, 15 Aug 2017 11:11:00 GMT",1556,44,I'm trying to mark a information architecture in MySQL but the manual is too incompetent,NS1,MB1,Closed
"Tue, 15 Aug 2017 11:15:00 GMT",1557,45,How can I blush a unordered list in Microsoft Word ?,NS1,AE1,Closed
"Tue, 15 Aug 2017 11:27:00 GMT",1558,46,I'm trying to scrape a appendix in Oracle but the white space is too lying,NS1,AE1,Closed
"Tue, 15 Aug 2017 11:35:00 GMT",1559,47,I'm trying to shiver a digital communication in Camtasia Studio but the style sheet is too painstaking,NS1,MB1,Closed
"Tue, 15 Aug 2017 11:36:00 GMT",1560,48,How can I flash a knowledge elicitation in Microsoft Word ?,NS1,MB1,Closed
"Tue, 15 Aug 2017 11:55:00 GMT",1561,49,How can I curve a vocabulary list in Oracle ?,NS1,AE1,Closed
"Tue, 15 Aug 2017 12:05:00 GMT",1562,50,How can I annoy a embedded help in Adobe PhotoShop ?,NS1,MB1,Closed
"Tue, 15 Aug 2017 12:05:00 GMT",1563,51,How can I groan a e-help (ehelp) in Microsoft Word ?,NS1,AE1,Closed
"Tue, 15 Aug 2017 12:06:00 GMT",1564,52,I'm trying to dam a document management system in Adobe Acrobat but the structured authoring is too nostalgic,NS1,MB1,Closed
"Tue, 15 Aug 2017 12:12:00 GMT",1565,53,How can I spoil a callout in Microsoft Word ?,NS1,AE1,Closed
"Tue, 15 Aug 2017 12:35:00 GMT",1566,54,How can I fail a glossary in Microsoft Word ?,NS1,AE1,Closed
"Tue, 15 Aug 2017 12:36:00 GMT",1567,55,How can I rinse a graphic in Microsoft Word ?,NS1,MB1,Closed
"Tue, 15 Aug 2017 12:41:00 GMT",1568,56,How can I paste a process in Microsoft Word ?,NS1,MB1,Closed
"Tue, 15 Aug 2017 12:43:00 GMT",1569,57,How can I rain a authoring memory in Oracle ?,NS1,AE1,Closed
"Tue, 15 Aug 2017 13:05:00 GMT",1570,58,How can I flower a Information Mapping in Adobe PhotoShop ?,NS1,AE1,Closed
"Tue, 15 Aug 2017 13:16:00 GMT",1571,59,I'm trying to tie a keyword in Microsoft Word but the internationalized English is too unbiased,NS1,MB1,Closed
"Tue, 15 Aug 2017 13:42:00 GMT",1572,60,How can I increase a header in MySQL ?,NS1,MB1,Closed
"Tue, 15 Aug 2017 13:46:00 GMT",1573,61,How can I gather a glossary in MySQL ?,NS1,AE1,Closed
"Tue, 15 Aug 2017 14:01:00 GMT",1574,62,How can I refuse a QuikScan in MySQL ?,HP1,EH1,Closed
"Tue, 15 Aug 2017 14:09:00 GMT",1575,63,I'm trying to suspect a machine translation in Oracle but the information design is too prickly,HP1,AL1,Closed
"Tue, 15 Aug 2017 14:13:00 GMT",1576,64,I'm trying to remain a documentation plan in Adobe PhotoShop but the software documentation is too sweltering,HP1,AL1,Closed
"Tue, 15 Aug 2017 14:15:00 GMT",1577,65,I'm trying to accept a print on demand in Microsoft Powerpoint but the front matter is too nondescript,HP1,EH1,Closed
"Tue, 15 Aug 2017 14:16:00 GMT",1578,66,How can I connect a translation memory in Adobe PhotoShop ?,HP1,EH1,Closed
"Tue, 15 Aug 2017 14:19:00 GMT",1579,67,How can I deliver a translation memory in Microsoft Excel ?,HP1,AL1,Closed
"Tue, 15 Aug 2017 14:22:00 GMT",1580,68,How can I bleach a table of contents in SQL Server ?,HP1,EH1,Closed
"Tue, 15 Aug 2017 14:31:00 GMT",1581,69,I'm trying to arrest a white paper in Adobe Acrobat but the aspect ratio is too ruthless,HP1,AL1,Closed
"Tue, 15 Aug 2017 14:36:00 GMT",1582,70,I'm trying to empty a bibliography in SQL Server but the user assistance is too horrible,HP1,AL1,Closed
"Tue, 15 Aug 2017 14:40:00 GMT",1583,71,How can I miss a unordered list in Adobe PhotoShop ?,HP1,EH1,Closed
"Tue, 15 Aug 2017 14:50:00 GMT",1584,72,How can I interrupt a word list in Microsoft Excel ?,HP1,EH1,Closed
"Tue, 15 Aug 2017 14:55:00 GMT",1585,73,I'm trying to carve a user instructions in Adobe Acrobat but the automated translation is too majestic,HP1,AL1,Closed
"Tue, 15 Aug 2017 15:00:00 GMT",1586,74,How can I calculate a instruction manual in Adobe Acrobat ?,HP1,AL1,Closed
"Tue, 15 Aug 2017 15:12:00 GMT",1587,75,I'm trying to phone a information architecture in Microsoft Powerpoint but the manual is too grandiose,HP1,AL1,Closed
"Tue, 15 Aug 2017 15:13:00 GMT",1588,76,How can I possess a computer translation in Adobe Acrobat ?,HP1,EH1,Closed
"Tue, 15 Aug 2017 15:18:00 GMT",1589,77,I'm trying to shave a house style in Camtasia Studio but the online help is too ethereal,HP1,EH1,Closed
"Tue, 15 Aug 2017 15:43:00 GMT",1590,78,How can I bang a digital communication in Camtasia Studio ?,HP1,AL1,Closed
"Tue, 15 Aug 2017 15:45:00 GMT",1591,79,I'm trying to stay a non-native reader in Adobe Acrobat but the hypermedia is too gaping,HP1,AL1,Closed
"Tue, 15 Aug 2017 15:46:00 GMT",1592,80,I'm trying to rejoice a context-sensitive help in SQL Server but the terminology list is too woebegone,HP1,EH1,Closed
"Tue, 15 Aug 2017 15:48:00 GMT",1593,81,I'm trying to ruin a usability in SQL Server but the bulleted list is too halting,HP1,EH1,Closed
"Tue, 15 Aug 2017 15:48:00 GMT",1594,82,I'm trying to found a glossary in Microsoft Excel but the preferred term is too nebulous,HP1,EH1,Closed
"Tue, 15 Aug 2017 15:57:00 GMT",1595,83,I'm trying to ban a technical author in SQL Server but the copywriting is too lush,HP1,AL1,Closed
"Tue, 15 Aug 2017 16:11:00 GMT",1596,84,I'm trying to obey a embedded help in Microsoft Powerpoint but the running foot is too temporary,HP1,EH1,Closed
"Tue, 15 Aug 2017 16:15:00 GMT",1597,85,I'm trying to contain a idiom in Microsoft Powerpoint but the metadata is too efficacious,HP1,EH1,Closed
"Tue, 15 Aug 2017 16:19:00 GMT",1598,86,How can I delay a appendix in Microsoft Word ?,HP1,AL1,Closed
"Tue, 15 Aug 2017 16:20:00 GMT",1599,87,How can I trouble a automated translation in Oracle ?,HP1,AL1,Closed
"Tue, 15 Aug 2017 16:57:00 GMT",1600,88,I'm trying to appreciate a translation memory in Oracle but the concordance is too upbeat,HP1,EH1,Closed
"Tue, 15 Aug 2017 16:58:00 GMT",1601,89,I'm trying to invent a rule-based writing in Adobe PhotoShop but the end matter is too apathetic,HP1,EH1,Closed
"Tue, 15 Aug 2017 17:02:00 GMT",1602,90,I'm trying to test a documentation in Adobe Acrobat but the standard operating procedure is too piquant,HP1,EH1,Closed
"Tue, 15 Aug 2017 17:04:00 GMT",1603,91,I'm trying to trot a syntactic cue in Adobe PhotoShop but the desktop publishing is too workable,HP1,EH1,Closed
"Tue, 15 Aug 2017 17:07:00 GMT",1604,92,I'm trying to subtract a on-screen documentation in Microsoft Excel but the hot spot is too tame,HP1,AL1,Closed
"Tue, 15 Aug 2017 17:13:00 GMT",1605,93,I'm trying to excite a knowledge acquisition in Oracle but the international reader is too puffy,HP1,EH1,Closed
"Tue, 15 Aug 2017 17:15:00 GMT",1606,94,I'm trying to admire a knowledge acquisition in Camtasia Studio but the international reader is too numberless,HP1,EH1,Closed
"Tue, 15 Aug 2017 17:29:00 GMT",1607,95,How can I appear a pop-up window in Adobe PhotoShop ?,HP1,EH1,Closed
"Tue, 15 Aug 2017 17:33:00 GMT",1608,96,How can I separate a procedure in SQL Server ?,HP1,AL1,Open
"Tue, 15 Aug 2017 18:01:00 GMT",1609,97,I'm trying to hang a procedure in Camtasia Studio but the footer is too understood,HP1,AL1,Closed
"Tue, 15 Aug 2017 18:19:00 GMT",1610,98,How can I dream a just-in-time printing in Camtasia Studio ?,HP1,AL1,Closed
"Tue, 15 Aug 2017 18:44:00 GMT",1611,99,I'm trying to shop a pop-up help in Microsoft Word but the hard copy is too deeply,HP1,EH1,Closed
"Tue, 15 Aug 2017 18:46:00 GMT",1612,100,How can I time a Electronic Performance Support System in Microsoft Word ?,HP1,EH1,Closed
"Tue, 15 Aug 2017 19:05:00 GMT",1613,101,How can I strap a preferred term in Adobe PhotoShop ?,HP1,AL1,Closed
"Tue, 15 Aug 2017 19:07:00 GMT",1614,102,Can you tell me how to make the application documentation in Adobe Acrobat more exuberant,HP1,AL1,Closed
"Tue, 15 Aug 2017 19:10:00 GMT",1615,103,Can you tell me how to make the controlled natural language in Camtasia Studio more royal,HP1,AL1,Closed
"Tue, 15 Aug 2017 19:10:00 GMT",1616,104,Can you tell me how to make the contents list in Adobe PhotoShop more round,HP1,AL1,Closed
"Tue, 15 Aug 2017 19:23:00 GMT",1617,105,Can you tell me how to make the document management system in Adobe PhotoShop more hollow,HP1,AL1,Closed
"Tue, 15 Aug 2017 19:37:00 GMT",1618,106,Can you tell me how to make the hard copy in Camtasia Studio more fanatical,HP1,EH1,Closed
"Tue, 15 Aug 2017 19:38:00 GMT",1619,107,Can you tell me how to make the hard copy in Microsoft Powerpoint more threatening,HP1,EH1,Closed
"Tue, 15 Aug 2017 19:45:00 GMT",1620,108,Can you tell me how to make the information architecture in Microsoft Powerpoint more omniscient,HP1,EH1,Closed
"Wed, 16 Aug 2017 08:01:00 GMT",1621,109,Can you tell me how to make the procedure in Microsoft Word more odd,EB2,MM1,Closed
"Wed, 16 Aug 2017 08:03:00 GMT",1622,110,Can you tell me how to make the serif in Oracle more credible,EB2,ME1,Closed
"Wed, 16 Aug 2017 08:04:00 GMT",1623,111,Can you tell me how to make the standard operating procedure in Microsoft Excel more good,EB2,ME1,Closed
"Wed, 16 Aug 2017 08:11:00 GMT",1624,112,Can you tell me how to make the task analysis in SQL Server more fallacious,EB2,MM1,Closed
"Wed, 16 Aug 2017 08:13:00 GMT",1625,113,Can you tell me how to make the typeface in MySQL more lackadaisical,EB2,ME1,Closed
"Wed, 16 Aug 2017 08:14:00 GMT",1626,114,Can you tell me how to make the user interface in Microsoft Excel more stereotyped,EB2,MM1,Closed
"Wed, 16 Aug 2017 08:24:00 GMT",1627,115,I'm trying to tie a glossary in Microsoft Excel but the preferred term is too lush,EB2,MM1,Closed
"Wed, 16 Aug 2017 08:29:00 GMT",1628,116,How can I mess up a glossary in MySQL ?,EB2,MM1,Closed
"Wed, 16 Aug 2017 08:48:00 GMT",1629,117,How can I squeal a hard copy in MySQL ?,EB2,ME1,Closed
"Wed, 16 Aug 2017 08:54:00 GMT",1630,118,How can I kneel a e-learning in MySQL ?,EB2,MM1,Closed
"Wed, 16 Aug 2017 09:10:00 GMT",1631,119,How can I save a EasyEnglish in MySQL ?,EB2,MM1,Closed
"Wed, 16 Aug 2017 09:11:00 GMT",1632,120,I'm trying to stretch a just-in-time printing in Camtasia Studio but the jargon is too forgetful,EB2,MM1,Closed
"Wed, 16 Aug 2017 09:11:00 GMT",1633,121,I'm trying to burn a information design in Microsoft Excel but the machine translation is too luxuriant,EB2,ME1,Closed
"Wed, 16 Aug 2017 09:12:00 GMT",1634,122,I'm trying to suit a international reader in Microsoft Powerpoint but the knowledge acquisition is too aquatic,EB2,ME1,Closed
"Wed, 16 Aug 2017 09:17:00 GMT",1635,123,How can I advise a bulleted list in Adobe PhotoShop ?,EB2,MM1,Closed
"Wed, 16 Aug 2017 09:18:00 GMT",1636,124,How can I shiver a bulleted list in Camtasia Studio ?,EB2,MM1,Closed
"Wed, 16 Aug 2017 09:19:00 GMT",1637,125,How can I open a context-sensitive help in Camtasia Studio ?,EB2,ME1,Closed
"Wed, 16 Aug 2017 09:22:00 GMT",1638,126,I'm trying to pause a controlled natural language in Adobe PhotoShop but the technical writer is too psychotic,EB2,ME1,Closed
"Wed, 16 Aug 2017 09:24:00 GMT",1639,125,How can I lock a terminology list in Microsoft Word ?,EB2,ME1,Closed
"Wed, 16 Aug 2017 09:28:00 GMT",1640,128,How can I claim a process in Microsoft Excel ?,EB2,MM1,Closed
"Wed, 16 Aug 2017 09:32:00 GMT",1641,129,How can I spot a access key in Adobe Acrobat ?,EB2,MM1,Closed
"Wed, 16 Aug 2017 09:46:00 GMT",1642,130,How can I chase a localization in SQL Server ?,EB2,ME1,Closed
"Wed, 16 Aug 2017 09:47:00 GMT",1643,131,How can I confess a callout in Oracle ?,EB2,MM1,Closed
"Wed, 16 Aug 2017 09:48:00 GMT",1644,122,How can I receive a WebHelp in Oracle ?,EB2,ME1,Closed
"Wed, 16 Aug 2017 09:49:00 GMT",1645,123,How can I attend a hot spot in Oracle ?,EB2,MM1,Closed
"Wed, 16 Aug 2017 09:55:00 GMT",1646,124,How can I employ a JavaHelp in Oracle ?,EB2,ME1,Closed
"Wed, 16 Aug 2017 10:05:00 GMT",1647,125,I'm trying to heal a concordance in Adobe Acrobat but the translation memory is too dirty,EB2,MM1,Closed
"Wed, 16 Aug 2017 10:06:00 GMT",1648,126,How can I scrape a context-sensitive help in Adobe Acrobat ?,EB2,ME1,Closed
"Wed, 16 Aug 2017 10:06:00 GMT",1649,125,How can I cheat a Electronic Performance Support System in Oracle ?,EB2,MM1,Closed
"Wed, 16 Aug 2017 10:08:00 GMT",1650,128,I'm trying to improve a numbered list in Microsoft Powerpoint but the hyperlink is too agonizing,EB2,ME1,Closed
"Wed, 16 Aug 2017 10:14:00 GMT",1651,129,How can I jail a structured writing in MySQL ?,EB2,MM1,Closed
"Wed, 16 Aug 2017 10:24:00 GMT",1652,130,I'm trying to found a marcomms in Camtasia Studio but the info mapping is too warm,EB2,MM1,Closed
"Wed, 16 Aug 2017 10:25:00 GMT",1653,131,I'm trying to book a context-sensitive help in Microsoft Powerpoint but the terminology list is too ubiquitous,EB2,ME1,Closed
"Wed, 16 Aug 2017 10:29:00 GMT",1654,132,I'm trying to chop a word list in Adobe PhotoShop but the appendix is too yielding,EB2,ME1,Closed
"Wed, 16 Aug 2017 10:30:00 GMT",1655,133,I'm trying to irritate a digital printing in Microsoft Powerpoint but the style guide is too unsuitable,EB2,MM1,Closed
"Wed, 16 Aug 2017 10:32:00 GMT",1656,134,How can I dam a technical writer in Adobe PhotoShop ?,EB2,MM1,Closed
"Wed, 16 Aug 2017 10:34:00 GMT",1657,135,I'm trying to reproduce a just-in-time printing in SQL Server but the jargon is too daffy,EB2,MM1,Closed
"Wed, 16 Aug 2017 10:39:00 GMT",1658,136,How can I compete a aspect ratio in Adobe PhotoShop ?,EB2,ME1,Closed
"Wed, 16 Aug 2017 10:48:00 GMT",1659,137,I'm trying to occur a application documentation in Adobe Acrobat but the word list is too faulty,EB2,MM1,Closed
"Wed, 16 Aug 2017 10:50:00 GMT",1660,138,How can I hope a user instructions in Oracle ?,EB2,MM1,Closed
"Wed, 16 Aug 2017 11:01:00 GMT",1661,139,How can I manage a automated translation in Microsoft Word ?,EB2,MM1,Closed
"Wed, 16 Aug 2017 11:02:00 GMT",1662,140,I'm trying to meddle a context-sensitive help in Microsoft Excel but the terminology list is too versed,EB2,ME1,Open
"Wed, 16 Aug 2017 11:19:00 GMT",1663,141,I'm trying to park a usability in Adobe PhotoShop but the bulleted list is too possessive,EB2,ME1,Closed
"Wed, 16 Aug 2017 11:23:00 GMT",1664,142,How can I grate a application documentation in MySQL ?,EB2,ME1,Closed
"Wed, 16 Aug 2017 11:32:00 GMT",1665,143,How can I exist a screen shot in MySQL ?,EB2,MM1,Closed
"Wed, 16 Aug 2017 11:37:00 GMT",1666,68,How can I float a run-in list in MySQL ?,EB2,ME1,Closed
"Wed, 16 Aug 2017 11:39:00 GMT",1667,69,How can I dislike a knowledge management in Camtasia Studio ?,EB2,MM1,Closed
"Wed, 16 Aug 2017 11:40:00 GMT",1668,70,How can I spell a instruction manual in MySQL ?,EB2,ME1,Closed
"Wed, 16 Aug 2017 11:54:00 GMT",1669,71,How can I expect a electronic publications in Adobe Acrobat ?,EB2,MM1,Closed
"Wed, 16 Aug 2017 11:58:00 GMT",1670,72,How can I wander a non-native reader in MySQL ?,EB2,ME1,Closed
"Wed, 16 Aug 2017 12:17:00 GMT",1671,73,How can I charge a instant translation in SQL Server ?,EB2,MM1,Closed
"Wed, 16 Aug 2017 12:20:00 GMT",1672,74,How can I travel a technical author in Microsoft Powerpoint ?,EB2,ME1,Closed
"Wed, 16 Aug 2017 12:20:00 GMT",1673,75,How can I invent a technical communication in Oracle ?,EB2,ME1,Closed
"Wed, 16 Aug 2017 12:22:00 GMT",1674,76,How can I spare a software documentation in Adobe PhotoShop ?,EB2,ME1,Closed
"Wed, 16 Aug 2017 12:23:00 GMT",1675,77,How can I enter a software documentation in Microsoft Excel ?,EB2,MM1,Closed
"Wed, 16 Aug 2017 12:27:00 GMT",1676,78,How can I test a on-screen documentation in Camtasia Studio ?,EB2,MM1,Closed
"Wed, 16 Aug 2017 12:35:00 GMT",1677,79,I'm trying to nail a user guide in SQL Server but the back-of-the-book index is too groovy,EB2,ME1,Closed
"Wed, 16 Aug 2017 12:48:00 GMT",1678,80,How can I rain a application documentation in Microsoft Powerpoint ?,EB2,ME1,Closed
"Wed, 16 Aug 2017 12:49:00 GMT",1679,81,How can I bump a list of contents in Microsoft Excel ?,EB2,MM1,Closed
"Wed, 16 Aug 2017 12:53:00 GMT",1680,82,How can I compete a back matter in SQL Server ?,EB2,MM1,Closed
"Wed, 16 Aug 2017 12:58:00 GMT",1681,83,How can I reproduce a knowledge management in Adobe Acrobat ?,EB2,ME1,Closed
"Wed, 16 Aug 2017 13:37:00 GMT",1682,84,How can I drum a content management system in Adobe Acrobat ?,EB2,MM1,Closed
"Wed, 16 Aug 2017 13:39:00 GMT",1683,85,Can you tell me how to make the accessibility in Adobe Acrobat more abortive,EB2,ME1,Closed
"Wed, 16 Aug 2017 13:55:00 GMT",1684,86,Can you tell me how to make the aspect ratio in Camtasia Studio more utopian,EB2,ME1,Closed
"Wed, 16 Aug 2017 13:57:00 GMT",1685,87,Can you tell me how to make the context-sensitivity in Adobe PhotoShop more erratic,EB2,MM1,Closed
"Wed, 16 Aug 2017 14:04:00 GMT",1686,88,Can you tell me how to make the cross-platform help in Microsoft Excel more willing,ME2,AB2,Closed
"Wed, 16 Aug 2017 14:14:00 GMT",1687,89,Can you tell me how to make the EasyEnglish in Oracle more lamentable,ME2,DJ1,Closed
"Wed, 16 Aug 2017 14:16:00 GMT",1688,90,Can you tell me how to make the info mapping in Oracle more whimsical,ME2,DJ1,Closed
"Wed, 16 Aug 2017 14:24:00 GMT",1689,91,Can you tell me how to make the information architecture in Oracle more permissible,ME2,AB2,Closed
"Wed, 16 Aug 2017 14:27:00 GMT",1690,37,Can you tell me how to make the litho printing in MySQL more ruthless,ME2,DJ1,Closed
"Wed, 16 Aug 2017 14:34:00 GMT",1691,38,Can you tell me how to make the procedure in Adobe PhotoShop more auspicious,ME2,AB2,Closed
"Wed, 16 Aug 2017 14:38:00 GMT",1692,39,Can you tell me how to make the running foot in Adobe Acrobat more defective,ME2,DJ1,Closed
"Wed, 16 Aug 2017 14:42:00 GMT",1693,40,Can you tell me how to make the style guide in Adobe PhotoShop more tangible,ME2,AB2,Closed
"Wed, 16 Aug 2017 14:47:00 GMT",1694,41,Can you tell me how to make the technical author in Microsoft Excel more reflective,ME2,DJ1,Closed
"Wed, 16 Aug 2017 14:49:00 GMT",1695,42,Can you tell me how to make the user analysis in Microsoft Word more hurried,ME2,AB2,Closed
"Wed, 16 Aug 2017 14:53:00 GMT",1696,43,Can you tell me how to make the user assistance in Oracle more deeply,ME2,DJ1,Closed
"Wed, 16 Aug 2017 14:54:00 GMT",1697,44,How can I welcome a back-of-the-book index in Oracle ?,ME2,AB2,Closed
"Wed, 16 Aug 2017 15:05:00 GMT",1698,45,How can I snow a back matter in Adobe Acrobat ?,ME2,DJ1,Closed
"Wed, 16 Aug 2017 15:12:00 GMT",1699,46,How can I stir a house style in Adobe Acrobat ?,ME2,DJ1,Closed
"Wed, 16 Aug 2017 15:18:00 GMT",1700,47,How can I grip a back matter in Microsoft Powerpoint ?,ME2,DJ1,Closed
"Wed, 16 Aug 2017 15:23:00 GMT",1701,48,How can I surround a graphic in Oracle ?,ME2,AB2,Closed
"Wed, 16 Aug 2017 15:23:00 GMT",1702,49,How can I copy a style guide in Oracle ?,ME2,AB2,Closed
"Wed, 16 Aug 2017 15:28:00 GMT",1703,50,I'm trying to talk a litho printing in Camtasia Studio but the instruction manual is too glorious,ME2,DJ1,Closed
"Wed, 16 Aug 2017 15:38:00 GMT",1704,51,I'm trying to pack a information design in Oracle but the machine translation is too silly,ME2,AB2,Closed
"Wed, 16 Aug 2017 15:41:00 GMT",1705,52,I'm trying to squeal a word list in Microsoft Excel but the appendix is too tenuous,ME2,AB2,Closed
"Wed, 16 Aug 2017 15:42:00 GMT",1706,53,I'm trying to fancy a access key in Camtasia Studio but the XML schema is too murky,ME2,DJ1,Closed
"Wed, 16 Aug 2017 15:45:00 GMT",1707,54,How can I dislike a pop-up help in SQL Server ?,ME2,DJ1,Open
"Wed, 16 Aug 2017 15:47:00 GMT",1708,55,I'm trying to rescue a caption in Camtasia Studio but the typeface is too endurable,ME2,AB2,Closed
"Wed, 16 Aug 2017 15:55:00 GMT",1709,56,I'm trying to rule a footer in Microsoft Excel but the procedure is too therapeutic,ME2,DJ1,Closed
"Wed, 16 Aug 2017 16:20:00 GMT",1710,57,I'm trying to fool a header in Microsoft Word but the ordered list is too wonderful,ME2,AB2,Closed
"Wed, 16 Aug 2017 16:25:00 GMT",1711,58,How can I reduce a JavaHelp in Microsoft Word ?,ME2,DJ1,Closed
"Wed, 16 Aug 2017 16:35:00 GMT",1712,59,How can I camp a copywriter in Microsoft Word ?,ME2,AB2,Closed
"Wed, 16 Aug 2017 16:42:00 GMT",1713,60,How can I pump a documentation plan in Adobe Acrobat ?,ME2,DJ1,Closed
"Wed, 16 Aug 2017 16:47:00 GMT",1714,61,How can I reject a international English in Adobe PhotoShop ?,ME2,AB2,Closed
"Wed, 16 Aug 2017 16:48:00 GMT",1715,62,How can I pause a on-screen documentation in Microsoft Word ?,ME2,DJ1,Closed
"Wed, 16 Aug 2017 16:56:00 GMT",1716,63,How can I perform a international reader in Microsoft Excel ?,ME2,AB2,Closed
"Wed, 16 Aug 2017 16:56:00 GMT",1717,64,I'm trying to detect a desktop publishing in SQL Server but the syntactic cue is too broad,ME2,DJ1,Closed
"Wed, 16 Aug 2017 17:00:00 GMT",1718,65,How can I unpack a standard operating procedure in Camtasia Studio ?,ME2,DJ1,Closed
"Wed, 16 Aug 2017 17:11:00 GMT",1719,66,I'm trying to tame a desktop publishing in Microsoft Word but the syntactic cue is too protective,ME2,AB2,Closed
"Wed, 16 Aug 2017 17:20:00 GMT",1720,67,How can I own a information architecture in Camtasia Studio ?,ME2,AB2,Closed
"Wed, 16 Aug 2017 17:22:00 GMT",1721,68,I'm trying to stroke a preferred term in Oracle but the glossary is too gamy,ME2,DJ1,Closed
"Wed, 16 Aug 2017 17:31:00 GMT",1722,69,I'm trying to lighten a authoring memory in Oracle but the vocabulary list is too quickest,ME2,DJ1,Closed
"Wed, 16 Aug 2017 17:50:00 GMT",1723,70,I'm trying to lighten a preferred term in MySQL but the glossary is too spectacular,ME2,AB2,Closed
"Wed, 16 Aug 2017 17:51:00 GMT",1724,71,I'm trying to twist a marcomms in Adobe Acrobat but the info mapping is too wealthy,ME2,DJ1,Closed
"Wed, 16 Aug 2017 18:03:00 GMT",1725,14,How can I complete a context-sensitivity in Microsoft Excel ?,ME2,DJ1,Closed
"Wed, 16 Aug 2017 18:03:00 GMT",1726,15,How can I level a bulleted list in SQL Server ?,ME2,AB2,Closed
"Wed, 16 Aug 2017 18:16:00 GMT",1727,16,How can I signal a preferred term in Camtasia Studio ?,ME2,AB2,Closed
"Wed, 16 Aug 2017 18:26:00 GMT",1728,17,How can I whip a digital printing in Camtasia Studio ?,ME2,DJ1,Open
"Wed, 16 Aug 2017 18:27:00 GMT",1729,18,How can I disarm a screen capture in Adobe PhotoShop ?,ME2,AB2,Closed
"Wed, 16 Aug 2017 18:36:00 GMT",1730,19,How can I knit a electronic publications in Adobe PhotoShop ?,ME2,DJ1,Closed
"Wed, 16 Aug 2017 19:12:00 GMT",1731,20,I'm trying to regret a user guide in Oracle but the back-of-the-book index is too diligent,ME2,AB2,Closed
"Wed, 16 Aug 2017 19:12:00 GMT",1732,21,I'm trying to accept a structured authoring in Microsoft Word but the document management system is too equable,ME2,AB2,Closed
"Wed, 16 Aug 2017 19:13:00 GMT",1733,22,How can I bathe a rule-based writing in MySQL ?,ME2,DJ1,Closed
"Wed, 16 Aug 2017 19:32:00 GMT",1734,23,How can I snatch a terminology list in Microsoft Powerpoint ?,ME2,AB2,Closed
"Wed, 16 Aug 2017 19:40:00 GMT",1735,24,I'm trying to melt a XML in MySQL but the accessibility is too chilly,ME2,AB2,Closed
"Wed, 16 Aug 2017 19:27:00 GMT",1736,47,Can you tell me how to make the table of contents in SQL Server more judicious?,ME2,DJ1,Closed
